State,state_abbreviation,County,Violent_crime,Murder,Rape,Robbery,Aggravated_assault,Property_crime,Burglary,Larceny-theft,vehicle_theft,Arson
ALABAMA ,AL,Autauga,62,2,12,3,45,265,43,177,45,4
ALABAMA ,AL,Bibb,26,0,1,0,25,104,30,50,24,0
ALABAMA ,AL,Blount,66,1,13,1,51,259,63,140,56,3
ALABAMA ,AL,Colbert,61,3,3,8,47,241,78,133,30,3
ALABAMA ,AL,Etowah,27,0,5,0,22,121,37,61,23,1
ALABAMA ,AL,Geneva,23,1,4,0,18,151,30,89,32,1
ALABAMA ,AL,Henry,21,5,3,0,13,51,10,34,7,0
ALABAMA ,AL,Houston,11,1,0,0,10,113,51,47,15,0
ALABAMA ,AL,Lauderdale,44,0,4,2,38,428,77,306,45,5
ALABAMA ,AL,Lawrence,22,2,3,0,17,76,24,30,22,1
ALABAMA ,AL,Lowndes,64,9,3,5,47,224,49,122,53,4
ALABAMA ,AL,Mobile,265,10,16,8,231,"1,288",337,704,247,13
ALABAMA ,AL,Shelby,5,0,2,0,3,24,8,12,4,0
ALABAMA ,AL,St. Clair,42,0,5,2,35,121,47,54,20,3
ALABAMA ,AL,Washington,21,0,3,0,18,99,18,61,20,5
ALABAMA ,AL,Barbour,19,0,1,0,18,55,11,29,15,0
ALABAMA ,AL,Cherokee,71,1,8,0,62,339,74,169,96,6
ALABAMA ,AL,Clarke,63,1,3,2,57,99,34,53,12,3
ALABAMA ,AL,Clay,25,0,1,0,24,65,25,37,3,0
ALABAMA ,AL,Cleburne,18,1,2,0,15,188,40,133,15,0
ALABAMA ,AL,Covington,8,0,0,0,8,101,18,65,18,0
ALABAMA ,AL,Crenshaw,15,1,2,0,12,74,14,39,21,1
ALABAMA ,AL,Cullman,109,1,17,6,85,918,228,537,153,2
ALABAMA ,AL,Dallas,81,3,4,9,65,302,58,182,62,5
ALABAMA ,AL,DeKalb,56,1,6,0,49,169,41,91,37,5
ALABAMA ,AL,Fayette,3,0,0,0,3,27,4,9,14,0
ALABAMA ,AL,Macon,5,0,1,0,4,16,1,9,6,1
ALABAMA ,AL,Marengo,7,1,0,0,6,38,14,15,9,0
ALABAMA ,AL,Marion,2,0,0,0,2,34,6,15,13,0
ALABAMA ,AL,Marshall,37,1,7,1,28,295,144,109,42,3
ALABAMA ,AL,Monroe,18,1,1,1,15,39,7,28,4,0
ALABAMA ,AL,Randolph,34,0,0,0,34,210,54,142,14,0
ALABAMA ,AL,Talladega,90,2,10,6,72,406,101,231,74,1
ALABAMA ,AL,Tallapoosa,34,5,4,3,22,83,24,51,8,1
ALABAMA ,AL,Winston,9,0,3,0,6,88,25,58,5,0
ARIZONA ,AZ,Cochise,86,7,3,4,72,296,85,162,49,4
ARIZONA ,AZ,Coconino,94,2,12,5,75,213,69,130,14,5
ARIZONA ,AZ,Mohave,246,11,81,16,138,"1,649",469,971,209,16
ARIZONA ,AZ,Pima,910,23,74,113,700,"7,024","1,094","5,445",485,51
ARIZONA ,AZ,Pinal,311,6,9,11,285,"1,531",299,"1,015",217,7
ARIZONA ,AZ,Yavapai,260,1,14,2,243,602,123,394,85,11
ARIZONA ,AZ,Yuma,176,0,29,8,139,937,248,568,121,17
ARKANSAS,AR,Benton,175,9,28,5,133,400,99,226,75,5
ARKANSAS,AR,Cleveland,17,0,1,0,16,130,53,65,12,4
ARKANSAS,AR,Craighead,52,4,14,0,34,314,105,167,42,8
ARKANSAS,AR,Crawford,56,0,7,0,49,308,44,199,65,1
ARKANSAS,AR,Crittenden,188,9,17,11,151,263,64,157,42,3
ARKANSAS,AR,Faulkner,152,0,18,6,128,786,160,494,132,7
ARKANSAS,AR,Franklin,59,0,7,0,52,131,39,79,13,0
ARKANSAS,AR,Garland,360,2,33,7,318,"1,260",536,583,141,0
ARKANSAS,AR,Grant,34,0,1,0,33,179,49,107,23,0
ARKANSAS,AR,Jefferson,82,7,9,5,61,440,107,254,79,9
ARKANSAS,AR,Lincoln,4,0,0,0,4,36,10,19,7,0
ARKANSAS,AR,Little River,20,0,6,0,14,82,21,54,7,2
ARKANSAS,AR,Lonoke,122,5,15,6,96,366,41,228,97,2
ARKANSAS,AR,Madison,56,5,13,0,38,128,39,61,28,4
ARKANSAS,AR,Miller,63,2,12,0,49,147,40,87,20,1
ARKANSAS,AR,Perry,24,0,1,0,23,121,33,88,0,0
ARKANSAS,AR,Poinsett,31,0,5,0,26,100,30,40,30,4
ARKANSAS,AR,Pulaski,722,4,31,13,674,"1,593",276,"1,058",259,27
ARKANSAS,AR,Saline,165,3,41,8,113,712,361,267,84,1
ARKANSAS,AR,Sebastian,37,0,4,1,32,112,31,70,11,2
ARKANSAS,AR,Washington,125,1,18,1,105,552,109,367,76,9
ARKANSAS,AR,Arkansas,28,0,2,0,26,62,13,46,3,3
ARKANSAS,AR,Ashley,24,1,5,1,17,105,15,83,7,0
ARKANSAS,AR,Baxter,43,1,11,0,31,402,78,281,43,7
ARKANSAS,AR,Boone,108,4,29,1,74,134,39,74,21,5
ARKANSAS,AR,Bradley,7,0,4,0,3,26,11,13,2,1
ARKANSAS,AR,Calhoun,9,0,1,0,8,57,12,35,10,0
ARKANSAS,AR,Carroll,37,1,2,0,34,91,19,48,24,2
ARKANSAS,AR,Chicot,13,1,3,0,9,80,21,59,0,0
ARKANSAS,AR,Clark,24,0,5,0,19,69,19,34,16,2
ARKANSAS,AR,Cleburne,188,0,23,1,164,288,84,179,25,7
ARKANSAS,AR,Columbia,37,1,2,1,33,130,26,93,11,2
ARKANSAS,AR,Conway,72,0,10,1,61,260,46,182,32,6
ARKANSAS,AR,Drew,32,0,7,0,25,91,25,52,14,0
ARKANSAS,AR,Fulton,39,1,7,0,31,64,0,54,10,0
ARKANSAS,AR,Hempstead,38,0,7,0,31,100,24,67,9,3
ARKANSAS,AR,Hot Spring,24,2,0,0,22,122,61,24,37,0
ARKANSAS,AR,Howard,11,1,1,0,9,59,25,27,7,0
ARKANSAS,AR,Independence,191,2,44,0,145,448,95,282,71,16
ARKANSAS,AR,Izard,97,0,14,0,83,97,37,59,1,0
ARKANSAS,AR,Jackson,44,0,10,2,32,107,7,77,23,0
ARKANSAS,AR,Johnson,97,0,21,0,76,115,47,58,10,4
ARKANSAS,AR,Lawrence,31,0,10,0,21,85,27,54,4,1
ARKANSAS,AR,Lee,15,0,1,0,14,72,18,36,18,6
ARKANSAS,AR,Logan,68,1,8,1,58,190,38,119,33,0
ARKANSAS,AR,Marion,27,2,7,0,18,122,38,77,7,1
ARKANSAS,AR,Mississippi,20,1,4,0,15,288,103,140,45,1
ARKANSAS,AR,Nevada,14,0,3,0,11,33,10,13,10,0
ARKANSAS,AR,Newton,28,2,10,0,16,47,14,28,5,1
ARKANSAS,AR,Pike,1,0,1,0,0,32,10,19,3,0
ARKANSAS,AR,Polk,75,0,6,1,68,72,24,45,3,0
ARKANSAS,AR,Pope,87,2,8,0,77,181,60,97,24,4
ARKANSAS,AR,Prairie,11,2,2,0,7,60,17,35,8,0
ARKANSAS,AR,Randolph,30,0,7,1,22,129,29,86,14,1
ARKANSAS,AR,Scott,18,1,2,0,15,70,26,29,15,1
ARKANSAS,AR,Searcy,17,0,3,0,14,11,4,6,1,0
ARKANSAS,AR,Sevier,44,0,7,2,35,42,11,22,9,3
ARKANSAS,AR,St. Francis,53,1,5,2,45,64,55,5,4,4
ARKANSAS,AR,Stone,27,2,9,0,16,56,11,41,4,3
ARKANSAS,AR,Union,61,5,5,0,51,209,55,135,19,2
ARKANSAS,AR,Van Buren,42,0,1,1,40,144,35,76,33,4
ARKANSAS,AR,White,270,6,62,1,201,628,161,364,103,12
ARKANSAS,AR,Yell,54,0,7,0,47,126,34,71,21,2
CALIFORNIA,CA,San Diego,"2,559",31,124,404,"2,000","9,313","1,625","5,627","2,061",56
COLORADO,CO,Adams,657,11,79,95,472,"3,448",406,"1,737","1,305",44
COLORADO,CO,Arapahoe,217,1,11,30,175,"2,566",431,"1,404",731,19
COLORADO,CO,Boulder,114,0,21,3,90,819,152,562,105,11
COLORADO,CO,Clear Creek,7,0,3,1,3,59,8,44,7,1
COLORADO,CO,Douglas,390,5,89,30,266,"2,775",440,"1,928",407,20
COLORADO,CO,El Paso,553,14,104,39,396,"2,291",409,"1,504",378,26
COLORADO,CO,Gilpin,13,2,2,0,9,96,19,69,8,1
COLORADO,CO,Jefferson,386,3,95,28,260,"3,287",445,"2,277",565,24
COLORADO,CO,Larimer,187,3,32,9,143,883,155,563,165,8
COLORADO,CO,Mesa,225,3,38,12,172,"1,160",208,756,196,20
COLORADO,CO,Park,45,0,4,0,41,53,13,23,17,2
COLORADO,CO,Pueblo,41,1,3,9,28,"1,152",290,661,201,0
COLORADO,CO,Teller,24,0,4,0,20,71,20,37,14,0
COLORADO,CO,Weld,161,2,23,11,125,797,155,477,165,11
COLORADO,CO,Alamosa,14,3,9,0,2,104,54,42,8,0
COLORADO,CO,Archuleta,41,2,10,0,29,88,23,60,5,4
COLORADO,CO,Baca,2,0,0,0,2,3,0,1,2,0
COLORADO,CO,Bent,6,0,3,0,3,56,16,31,9,1
COLORADO,CO,Chaffee,17,0,1,0,16,49,14,23,12,0
COLORADO,CO,Conejos,16,0,4,0,12,20,14,5,1,0
COLORADO,CO,Crowley,12,0,2,0,10,33,14,13,6,0
COLORADO,CO,Custer,14,0,0,0,14,53,9,36,8,1
COLORADO,CO,Delta,10,1,5,0,4,160,41,103,16,0
COLORADO,CO,Dolores,0,0,0,0,0,20,3,9,8,2
COLORADO,CO,Eagle,26,0,5,1,20,80,4,69,7,0
COLORADO,CO,Fremont,27,1,11,1,14,178,47,96,35,1
COLORADO,CO,Garfield,71,0,28,1,42,183,52,111,20,6
COLORADO,CO,Gunnison,5,1,0,0,4,14,3,10,1,0
COLORADO,CO,Hinsdale,0,0,0,0,0,4,0,3,1,0
COLORADO,CO,Huerfano,24,0,6,1,17,179,67,87,25,1
COLORADO,CO,Kiowa,5,0,1,0,4,18,0,16,2,0
COLORADO,CO,Kit Carson,5,0,0,0,5,21,2,16,3,0
COLORADO,CO,Lake,6,1,1,0,4,22,6,13,3,0
COLORADO,CO,La Plata,38,0,13,0,25,192,34,147,11,2
COLORADO,CO,Las Animas,12,1,1,0,10,167,119,40,8,1
COLORADO,CO,Logan,20,0,2,0,18,73,23,35,15,0
COLORADO,CO,Moffat,14,0,3,0,11,43,8,32,3,1
COLORADO,CO,Montezuma,36,0,5,1,30,164,38,94,32,2
COLORADO,CO,Montrose,26,0,1,0,25,171,35,108,28,0
COLORADO,CO,Morgan,15,0,2,0,13,121,24,70,27,1
COLORADO,CO,Otero,9,0,4,1,4,82,28,24,30,0
COLORADO,CO,Ouray,1,0,0,0,1,32,2,25,5,0
COLORADO,CO,Phillips,0,0,0,0,0,0,0,0,0,0
COLORADO,CO,Pitkin,4,0,3,0,1,18,4,9,5,0
COLORADO,CO,Prowers,7,0,1,0,6,33,5,23,5,1
COLORADO,CO,Rio Blanco,2,0,1,0,1,16,0,14,2,1
COLORADO,CO,Rio Grande,4,0,3,0,1,71,36,31,4,0
COLORADO,CO,Routt,3,0,1,0,2,32,7,23,2,2
COLORADO,CO,San Juan,2,0,1,0,1,6,0,4,2,0
COLORADO,CO,San Miguel,2,0,0,0,2,6,1,3,2,0
COLORADO,CO,Summit,40,0,24,0,16,199,23,149,27,0
COLORADO,CO,Washington,2,0,0,0,2,63,5,50,8,1
COLORADO,CO,Yuma,4,0,2,0,2,37,4,25,8,0
COLORADO,CO,New Castle County Police Department,791,23,88,64,616,"3,430",571,"2,477",382,2
FLORIDA1,FL,,,,,,,,,,,
GEORGIA ,GA,Barrow,107,0,19,1,87,808,85,663,60,7
GEORGIA ,GA,Bartow,103,1,17,9,76,"1,054",127,799,128,14
GEORGIA ,GA,Bibb,"1,821",44,60,161,"1,556","4,492",665,"3,157",670,25
GEORGIA ,GA,Brantley,48,0,4,0,44,330,53,236,41,2
GEORGIA ,GA,Brooks,28,0,9,0,19,118,33,64,21,1
GEORGIA ,GA,Bryan,33,1,9,3,20,196,47,131,18,0
GEORGIA ,GA,Burke ,18,1,4,1,12,245,52,134,59,3
GEORGIA ,GA,Butts,38,2,5,2,29,179,20,117,42,1
GEORGIA ,GA,Carroll,147,1,23,8,115,988,200,669,119,13
GEORGIA ,GA,Catoosa,65,1,9,1,54,489,85,333,71,3
GEORGIA ,GA,Cherokee,189,10,34,8,137,899,138,692,69,6
GEORGIA ,GA,Clarke,0,0,0,0,0,0,0,0,0,0
GEORGIA ,GA,Cobb,23,0,6,0,17,366,0,357,9,0
GEORGIA ,GA,Cobb County Police Department,"1,330",29,139,176,986,"7,988",978,"6,170",840,15
GEORGIA ,GA,Coweta,679,6,52,4,617,895,172,616,107,3
GEORGIA ,GA,Crawford,35,3,6,1,25,134,33,76,25,0
GEORGIA ,GA,Dawson,52,0,8,2,42,314,32,271,11,4
GEORGIA ,GA,DeKalb,25,0,0,0,25,0,0,0,0,5
GEORGIA ,GA,DeKalb County Police Department,"4,135",119,235,768,"3,013","14,944","1,951","10,228","2,765",94
GEORGIA ,GA,Dougherty,10,0,3,0,7,22,1,18,3,0
GEORGIA ,GA,Dougherty County Police Department,32,2,2,4,24,207,50,117,40,1
GEORGIA ,GA,Douglas,202,9,12,20,161,807,120,559,128,1
GEORGIA ,GA,Effingham,48,0,8,3,37,292,73,182,37,2
GEORGIA ,GA,Fayette,38,1,3,4,30,329,61,237,31,1
GEORGIA ,GA,Floyd,5,0,0,0,5,4,0,3,1,0
GEORGIA ,GA,Floyd County Police Department,151,1,15,9,126,769,123,559,87,7
GEORGIA ,GA,Forsyth,136,1,26,7,102,"1,172",169,911,92,2
GEORGIA ,GA,Fulton County Police Department,97,2,8,16,71,235,14,158,63,1
GEORGIA ,GA,Glynn,0,0,0,0,0,0,0,0,0,0
GEORGIA ,GA,Glynn County Police Department,280,4,65,42,169,"1,356",183,"1,014",159,3
GEORGIA ,GA,Hall,297,7,35,7,248,"1,285",251,877,157,0
GEORGIA ,GA,Haralson,66,2,6,3,55,300,67,171,62,2
GEORGIA ,GA,Harris,8,0,1,2,5,123,21,85,17,0
GEORGIA ,GA,Heard,17,2,1,0,14,119,20,78,21,3
GEORGIA ,GA,Henry County Police Department,476,8,73,50,345,"2,605",247,"2,014",344,5
GEORGIA ,GA,Jasper,55,1,6,1,47,166,19,125,22,3
GEORGIA ,GA,Jones,60,2,3,2,53,167,47,102,18,1
GEORGIA ,GA,Lamar,9,0,3,1,5,79,10,51,18,0
GEORGIA ,GA,Lanier,13,0,0,2,11,108,31,72,5,0
GEORGIA ,GA,Lee,51,0,15,2,34,447,81,313,53,0
GEORGIA ,GA,Long,9,1,1,1,6,70,27,34,9,1
GEORGIA ,GA,Lowndes,126,4,28,10,84,795,113,603,79,4
GEORGIA ,GA,Madison,90,2,8,8,72,244,59,134,51,14
GEORGIA ,GA,Marion,11,0,1,1,9,41,10,25,6,1
GEORGIA ,GA,McDuffie,42,1,1,7,33,164,47,100,17,1
GEORGIA ,GA,McIntosh,20,5,1,1,13,129,31,77,21,2
GEORGIA ,GA,Murray,72,1,4,1,66,222,47,142,33,1
GEORGIA ,GA,Newton,392,6,44,19,323,"1,070",166,734,170,7
GEORGIA ,GA,Oconee,42,2,6,3,31,518,49,451,18,0
GEORGIA ,GA,Oglethorpe,33,1,3,1,28,150,28,101,21,4
GEORGIA ,GA,Paulding,411,4,137,12,258,"1,247",199,919,129,9
GEORGIA ,GA,Peach,21,0,3,2,16,129,20,91,18,3
GEORGIA ,GA,Pickens,54,0,11,1,42,148,33,95,20,1
GEORGIA ,GA,Pike,15,0,4,1,10,100,21,63,16,4
GEORGIA ,GA,Rockdale,59,6,16,1,36,17,14,2,1,0
GEORGIA ,GA,Spalding,154,4,16,9,125,578,104,362,112,2
GEORGIA ,GA,Twiggs,15,3,0,1,11,83,30,43,10,0
GEORGIA ,GA,Walton,34,0,11,3,20,240,37,172,31,1
GEORGIA ,GA,Whitfield,305,0,40,6,259,897,155,608,134,4
GEORGIA ,GA,Worth,46,0,1,1,44,163,45,100,18,0
GEORGIA ,GA,Atkinson,18,0,2,1,15,56,12,38,6,0
GEORGIA ,GA,Baldwin,173,1,13,7,152,535,78,414,43,3
GEORGIA ,GA,Banks,37,1,4,0,32,376,40,314,22,0
GEORGIA ,GA,Ben Hill,27,0,5,1,21,155,44,95,16,2
GEORGIA ,GA,Berrien,19,0,8,0,11,116,30,72,14,0
GEORGIA ,GA,Bleckley,19,0,3,1,15,85,5,68,12,0
GEORGIA ,GA,Bulloch,24,0,3,2,19,308,44,251,13,1
GEORGIA ,GA,Candler,15,0,2,0,13,91,13,73,5,1
GEORGIA ,GA,Chattooga,33,0,7,0,26,202,38,148,16,3
GEORGIA ,GA,Clay,3,0,1,0,2,10,2,7,1,0
GEORGIA ,GA,Clinch,1,0,0,0,1,33,9,21,3,0
GEORGIA ,GA,Coffee,70,1,7,3,59,329,61,226,42,1
GEORGIA ,GA,Cook,13,0,3,2,8,130,20,98,12,0
GEORGIA ,GA,Crisp,32,0,6,0,26,260,43,200,17,4
GEORGIA ,GA,Decatur,49,2,13,2,32,233,62,148,23,2
GEORGIA ,GA,Dodge,30,0,1,3,26,170,58,92,20,5
GEORGIA ,GA,Early,22,0,5,0,17,58,13,38,7,1
GEORGIA ,GA,Elbert,20,0,1,0,19,102,27,70,5,2
GEORGIA ,GA,Fannin,17,0,7,1,9,117,37,67,13,0
GEORGIA ,GA,Franklin,40,0,4,3,33,160,49,90,21,0
GEORGIA ,GA,Gilmer,56,1,13,3,39,233,51,139,43,1
GEORGIA ,GA,Glascock,10,0,1,0,9,30,7,19,4,0
GEORGIA ,GA,Gordon,74,2,11,5,56,355,68,239,48,0
GEORGIA ,GA,Grady,29,1,6,2,20,151,43,69,39,1
GEORGIA ,GA,Greene,25,2,0,1,22,149,31,100,18,0
GEORGIA ,GA,Habersham,33,0,11,2,20,305,67,199,39,0
GEORGIA ,GA,Hancock,10,0,1,1,8,57,8,43,6,0
GEORGIA ,GA,Hart,74,0,12,2,60,206,46,123,37,1
GEORGIA ,GA,Irwin,15,0,1,2,12,79,9,62,8,1
GEORGIA ,GA,Jackson,77,1,13,3,60,537,68,422,47,3
GEORGIA ,GA,Jeff Davis,23,1,2,0,20,32,5,16,11,2
GEORGIA ,GA,Jefferson,34,0,4,0,30,116,17,80,19,0
GEORGIA ,GA,Jenkins,11,0,6,0,5,48,11,30,7,0
GEORGIA ,GA,Laurens,66,2,7,2,55,346,71,230,45,2
GEORGIA ,GA,Lumpkin,46,0,3,0,43,246,43,187,16,2
GEORGIA ,GA,Mitchell,28,0,4,0,24,198,31,143,24,1
GEORGIA ,GA,Pierce,42,1,7,2,32,222,53,142,27,0
GEORGIA ,GA,Polk,3,0,0,0,3,1,0,0,1,0
GEORGIA ,GA,Pulaski,40,1,0,3,36,167,33,106,28,2
GEORGIA ,GA,Putnam,37,0,3,1,33,159,25,124,10,2
GEORGIA ,GA,Rabun,14,0,8,0,6,161,28,120,13,0
GEORGIA ,GA,Schley,3,1,0,0,2,14,5,7,2,0
GEORGIA ,GA,Seminole,19,3,1,0,15,63,14,44,5,1
GEORGIA ,GA,Sumter,17,0,1,0,16,114,31,77,6,0
GEORGIA ,GA,Tattnall,11,0,6,0,5,119,25,78,16,0
GEORGIA ,GA,Thomas,59,1,9,3,46,449,129,266,54,7
GEORGIA ,GA,Tift,138,2,8,16,112,529,100,357,72,0
GEORGIA ,GA,Towns,10,0,3,0,7,43,6,30,7,0
GEORGIA ,GA,Treutlen,12,0,5,0,7,40,7,26,7,1
GEORGIA ,GA,Troup,65,3,10,6,46,436,70,309,57,0
GEORGIA ,GA,Turner,10,0,5,0,5,48,11,30,7,0
GEORGIA ,GA,Union,10,0,3,0,7,157,33,108,16,1
GEORGIA ,GA,Ware,22,0,4,0,18,98,20,65,13,2
GEORGIA ,GA,Washington,35,1,6,1,27,115,16,91,8,0
GEORGIA ,GA,Webster,0,0,0,0,0,0,0,0,0,0
GEORGIA ,GA,Wheeler,4,0,2,0,2,38,10,22,6,0
GEORGIA ,GA,White,28,0,2,0,26,163,48,92,23,1
GEORGIA ,GA,Wilkes,84,0,7,1,76,153,52,79,22,1
GEORGIA ,GA,Wilkinson,9,1,0,0,8,26,6,16,4,1
HAWAII,HI,Kauai Police Department,212,0,50,15,147,"1,003",233,678,92,54
IDAHO,ID,Ada,243,2,52,2,187,510,81,389,40,9
IDAHO,ID,Bannock,13,0,2,0,11,73,22,44,7,0
IDAHO,ID,Boise,21,0,3,0,18,51,10,34,7,1
IDAHO,ID,Bonneville,130,3,27,4,96,642,178,397,67,4
IDAHO,ID,Butte,5,0,3,0,2,5,1,2,2,0
IDAHO,ID,Canyon,114,1,30,0,83,325,88,172,65,4
IDAHO,ID,Franklin,4,0,4,0,0,22,1,18,3,0
IDAHO,ID,Gem,10,1,3,0,6,23,7,12,4,0
IDAHO,ID,Jefferson,24,1,2,1,20,131,17,87,27,0
IDAHO,ID,Jerome,43,0,3,0,40,122,35,65,22,2
IDAHO,ID,Kootenai,162,2,41,1,118,694,153,495,46,5
IDAHO,ID,Nez Perce,11,0,3,0,8,46,17,27,2,0
IDAHO,ID,Power,5,0,1,0,4,31,6,22,3,0
IDAHO,ID,Adams,10,0,0,0,10,36,2,31,3,1
IDAHO,ID,Benewah,28,0,3,0,25,77,3,67,7,2
IDAHO,ID,Bingham,40,0,7,0,33,146,55,77,14,0
IDAHO,ID,Blaine,10,0,1,0,9,16,3,12,1,0
IDAHO,ID,Bonner,41,2,7,0,32,274,69,171,34,2
IDAHO,ID,Boundary,6,0,3,0,3,30,11,14,5,0
IDAHO,ID,Caribou,5,0,1,0,4,7,2,5,0,0
IDAHO,ID,Cassia,37,0,2,2,33,257,5,229,23,0
IDAHO,ID,Custer,9,0,5,0,4,15,2,13,0,0
IDAHO,ID,Elmore,12,0,4,0,8,20,6,9,5,1
IDAHO,ID,Fremont,12,1,1,0,10,44,5,35,4,2
IDAHO,ID,Gooding,17,0,3,0,14,38,11,20,7,1
IDAHO,ID,Latah,20,0,4,0,16,70,18,46,6,0
IDAHO,ID,Lewis,9,2,1,0,6,15,4,8,3,1
IDAHO,ID,Lincoln,10,0,0,0,10,38,9,26,3,0
IDAHO,ID,Madison,14,0,4,0,10,13,1,10,2,0
IDAHO,ID,Minidoka,13,0,3,0,10,78,10,57,11,0
IDAHO,ID,Oneida,15,0,5,0,10,33,8,23,2,0
IDAHO,ID,Payette,23,0,1,2,20,75,12,54,9,1
IDAHO,ID,Teton,8,0,3,0,5,29,1,26,2,1
IDAHO,ID,Valley,21,0,8,0,13,83,26,49,8,0
ILLINOIS,IL,Champaign,29,0,15,2,12,244,70,152,22,7
ILLINOIS,IL,Henry,8,0,2,0,6,56,11,37,8,0
ILLINOIS,IL,Jackson,55,0,31,2,22,198,92,86,20,4
ILLINOIS,IL,Jersey,6,0,3,0,3,18,2,12,4,0
ILLINOIS,IL,Kendall,33,0,21,0,12,178,39,124,15,0
ILLINOIS,IL,Macon,27,1,9,3,14,230,74,143,13,2
ILLINOIS,IL,Madison,140,3,37,5,95,"1,038",265,664,109,16
ILLINOIS,IL,McLean,30,0,12,0,18,186,105,66,15,4
ILLINOIS,IL,Sangamon,157,4,18,19,116,569,181,309,79,9
ILLINOIS,IL,St. Clair,89,2,16,4,67,363,92,209,62,3
ILLINOIS,IL,Tazewell,21,2,10,0,9,169,51,100,18,0
ILLINOIS,IL,Iroquois,23,0,6,2,15,135,31,86,18,1
INDIANA,IN,Allen,55,4,19,2,30,619,96,473,50,1
INDIANA,IN,Bartholomew,2,0,0,2,0,31,31,0,0,4
INDIANA,IN,Clark,59,2,4,3,50,305,56,184,65,2
INDIANA,IN,Delaware,21,1,6,1,13,198,48,111,39,0
INDIANA,IN,Elkhart,20,0,2,3,15,97,17,66,14,3
INDIANA,IN,Floyd,21,0,6,0,15,251,25,169,57,0
INDIANA,IN,Hamilton,21,0,7,1,13,144,37,93,14,2
INDIANA,IN,Hancock,52,0,3,2,47,197,38,116,43,2
INDIANA,IN,Harrison,63,0,5,0,58,287,39,205,43,3
INDIANA,IN,Hendricks,60,0,20,6,34,420,46,325,49,0
INDIANA,IN,Howard,60,1,4,1,54,88,15,60,13,1
INDIANA,IN,Johnson,20,0,7,1,12,275,20,223,32,0
INDIANA,IN,La Porte,46,1,1,0,44,351,121,190,40,0
INDIANA,IN,Madison,27,0,0,2,25,185,41,131,13,1
INDIANA,IN,Monroe,27,1,5,3,18,451,43,362,46,4
INDIANA,IN,Porter,57,1,3,0,53,195,30,146,19,0
INDIANA,IN,Posey,27,0,10,0,17,127,12,92,23,0
INDIANA,IN,St. Joseph,129,0,24,18,87,"1,107",204,754,149,8
INDIANA,IN,Tippecanoe,84,0,11,2,71,397,88,256,53,3
INDIANA,IN,Vanderburgh,142,0,11,0,131,361,56,262,43,1
INDIANA,IN,Vigo,89,0,18,4,67,"1,027",384,519,124,10
INDIANA,IN,Washington,46,0,1,0,45,122,18,64,40,0
INDIANA,IN,Clinton,6,3,2,1,0,69,19,47,3,0
INDIANA,IN,Dubois,9,0,1,0,8,62,25,25,12,0
INDIANA,IN,Fulton,13,0,4,0,9,73,17,50,6,0
INDIANA,IN,Gibson,26,2,4,0,20,111,21,74,16,0
INDIANA,IN,Greene,16,2,5,1,8,128,20,86,22,1
INDIANA,IN,Henry,11,1,0,1,9,145,34,88,23,0
INDIANA,IN,Jackson,31,3,4,2,22,38,9,16,13,1
INDIANA,IN,Jennings,20,0,4,0,16,137,35,72,30,1
INDIANA,IN,Kosciusko,63,1,15,0,47,378,51,280,47,5
INDIANA,IN,Montgomery,11,0,3,1,7,155,65,82,8,0
INDIANA,IN,Noble,18,0,8,1,9,152,33,81,38,1
INDIANA,IN,Starke,63,0,7,0,56,164,49,87,28,2
INDIANA,IN,Steuben,18,2,8,1,7,294,87,171,36,1
INDIANA,IN,Wells,2,0,1,0,1,22,8,11,3,0
IOWA,IA,Benton,20,1,10,0,9,99,37,47,15,4
IOWA,IA,Black Hawk,17,0,8,0,9,126,68,42,16,0
IOWA,IA,Dallas,66,0,8,0,58,97,22,66,9,2
IOWA,IA,Dubuque,27,0,11,0,16,146,40,84,22,0
IOWA,IA,Grundy,10,1,2,0,7,33,11,15,7,0
IOWA,IA,Harrison,10,0,3,0,7,42,5,29,8,0
IOWA,IA,Jasper,8,0,1,0,7,37,15,12,10,2
IOWA,IA,Johnson,74,0,15,0,59,201,53,124,24,1
IOWA,IA,Jones,18,2,0,0,16,45,19,17,9,1
IOWA,IA,Linn,38,0,19,2,17,159,46,87,26,0
IOWA,IA,Mills,7,0,0,0,7,98,16,62,20,0
IOWA,IA,Polk,99,1,5,9,84,814,197,493,124,4
IOWA,IA,Pottawattamie,54,1,21,3,29,197,44,136,17,1
IOWA,IA,Scott,35,0,3,1,31,137,43,61,33,3
IOWA,IA,Story,19,0,3,0,16,117,23,74,20,2
IOWA,IA,Warren,21,0,5,0,16,79,11,57,11,1
IOWA,IA,Washington,42,0,3,0,39,79,20,49,10,0
IOWA,IA,Woodbury,38,1,6,1,30,89,20,61,8,1
IOWA,IA,Adair,4,1,1,0,2,27,9,8,10,0
IOWA,IA,Adams,7,0,1,1,5,18,10,6,2,1
IOWA,IA,Allamakee,14,0,0,0,14,8,5,2,1,0
IOWA,IA,Appanoose,5,0,1,0,4,79,15,45,19,2
IOWA,IA,Buchanan,13,0,3,1,9,43,11,25,7,3
IOWA,IA,Buena Vista,13,0,2,0,11,34,16,13,5,0
IOWA,IA,Butler,7,0,1,0,6,37,21,13,3,0
IOWA,IA,Carroll,3,0,0,0,3,12,2,7,3,0
IOWA,IA,Cass,10,0,1,0,9,43,15,25,3,3
IOWA,IA,Cedar,7,0,2,0,5,25,11,9,5,1
IOWA,IA,Cerro Gordo,8,0,1,0,7,91,26,41,24,1
IOWA,IA,Cherokee,4,0,0,0,4,19,5,13,1,0
IOWA,IA,Chickasaw,13,0,2,0,11,27,9,12,6,0
IOWA,IA,Clarke,10,0,4,0,6,20,4,10,6,0
IOWA,IA,Clay,5,0,0,0,5,30,14,14,2,0
IOWA,IA,Clinton,21,0,4,1,16,129,33,75,21,0
IOWA,IA,Crawford,4,0,0,0,4,6,3,1,2,0
IOWA,IA,Delaware,10,1,5,0,4,15,6,7,2,0
IOWA,IA,Des Moines,18,0,2,0,16,97,35,46,16,0
IOWA,IA,Emmet,29,1,0,0,28,7,0,4,3,0
IOWA,IA,Fayette,30,0,2,1,27,27,9,8,10,1
IOWA,IA,Floyd,1,0,0,0,1,26,13,8,5,0
IOWA,IA,Fremont,12,0,4,0,8,61,17,31,13,1
IOWA,IA,Hancock,24,0,4,0,20,37,13,15,9,0
IOWA,IA,Hardin,19,1,4,3,11,79,23,47,9,0
IOWA,IA,Henry,17,0,3,0,14,59,23,32,4,1
IOWA,IA,Ida,8,0,1,0,7,24,5,17,2,0
IOWA,IA,Iowa,12,0,0,0,12,7,2,2,3,1
IOWA,IA,Jackson,15,0,2,0,13,74,18,49,7,1
IOWA,IA,Jefferson,3,0,2,0,1,19,5,14,0,0
IOWA,IA,Keokuk,16,0,3,1,12,51,22,19,10,1
IOWA,IA,Kossuth,11,1,0,0,10,8,4,3,1,0
IOWA,IA,Lee,27,0,5,0,22,70,23,38,9,0
IOWA,IA,Louisa,24,0,3,0,21,34,9,21,4,0
IOWA,IA,Lucas,12,0,6,0,6,77,19,44,14,0
IOWA,IA,Lyon,15,0,2,0,13,60,13,38,9,0
IOWA,IA,Mahaska,8,0,0,0,8,30,8,20,2,0
IOWA,IA,Marion,24,0,8,0,16,60,25,29,6,0
IOWA,IA,Mitchell,7,0,1,0,6,30,19,9,2,1
IOWA,IA,Monona,14,0,5,0,9,69,19,38,12,0
IOWA,IA,Muscatine,24,0,9,0,15,33,15,11,7,2
IOWA,IA,O'Brien,13,0,2,0,11,63,12,42,9,2
IOWA,IA,Osceola,22,0,6,0,16,60,10,42,8,0
IOWA,IA,Palo Alto,3,0,0,0,3,43,16,24,3,0
IOWA,IA,Plymouth,3,0,2,0,1,21,4,11,6,0
IOWA,IA,Pocahontas,5,0,0,0,5,21,5,13,3,0
IOWA,IA,Poweshiek,16,0,5,0,11,42,9,22,11,1
IOWA,IA,Sac,13,0,3,0,10,35,14,20,1,0
IOWA,IA,Sioux,17,0,6,0,11,41,9,21,11,0
IOWA,IA,Tama,39,1,3,1,34,41,17,17,7,2
IOWA,IA,Union,8,0,0,0,8,44,13,24,7,1
IOWA,IA,Van Buren,6,0,0,0,6,26,10,14,2,1
IOWA,IA,Wapello,21,0,1,0,20,73,23,44,6,1
IOWA,IA,Wayne,9,0,1,0,8,28,9,14,5,1
IOWA,IA,Webster,27,1,9,2,15,98,18,64,16,1
IOWA,IA,Worth,2,0,0,0,2,43,15,22,6,0
IOWA,IA,Wright,8,2,1,0,5,24,8,15,1,0
KANSAS ,KS,Butler,52,0,5,2,45,218,39,146,33,3
KANSAS ,KS,Douglas,50,0,0,1,49,85,16,59,10,1
KANSAS ,KS,Geary,8,1,3,1,3,28,6,20,2,0
KANSAS ,KS,Harvey,17,0,1,0,16,56,19,27,10,0
KANSAS ,KS,Jackson,19,0,3,1,15,84,8,67,9,1
KANSAS ,KS,Jefferson,39,0,3,1,35,273,106,139,28,7
KANSAS ,KS,Johnson,67,0,8,2,57,352,117,204,31,2
KANSAS ,KS,Leavenworth,38,1,0,2,35,148,54,66,28,8
KANSAS ,KS,Linn,7,1,1,0,5,82,7,67,8,0
KANSAS ,KS,Miami,33,0,1,2,30,122,21,80,21,2
KANSAS ,KS,Osage,21,0,1,0,20,75,49,25,1,0
KANSAS ,KS,Pottawatomie,37,0,10,0,27,158,37,104,17,2
KANSAS ,KS,Riley County Police Department,210,1,34,15,160,"1,171",157,926,88,15
KANSAS ,KS,Sedgwick,60,1,3,2,54,236,43,136,57,3
KANSAS ,KS,Shawnee,83,2,5,4,72,589,129,396,64,4
KANSAS ,KS,Sumner,24,1,1,3,19,157,55,81,21,5
KANSAS ,KS,Allen,12,0,0,0,12,40,11,20,9,2
KANSAS ,KS,Anderson,13,0,1,0,12,14,6,8,0,0
KANSAS ,KS,Atchison,5,0,1,0,4,61,17,38,6,0
KANSAS ,KS,Barber,3,0,0,0,3,19,4,14,1,0
KANSAS ,KS,Barton,29,0,8,1,20,101,57,36,8,1
KANSAS ,KS,Bourbon,18,0,2,0,16,59,22,30,7,2
KANSAS ,KS,Brown,4,0,2,0,2,94,75,15,4,1
KANSAS ,KS,Cherokee,28,0,1,2,25,171,54,84,33,0
KANSAS ,KS,Cheyenne,1,0,0,0,1,33,2,21,10,1
KANSAS ,KS,Clark,3,0,0,0,3,11,3,7,1,1
KANSAS ,KS,Clay,4,0,1,0,3,20,6,13,1,0
KANSAS ,KS,Cowley,21,0,1,1,19,130,44,69,17,2
KANSAS ,KS,Crawford,36,0,1,2,33,126,0,104,22,2
KANSAS ,KS,Dickinson,13,0,0,0,13,70,22,40,8,3
KANSAS ,KS,Edwards,7,0,1,0,6,13,3,8,2,0
KANSAS ,KS,Ellis,16,0,1,1,14,35,6,27,2,0
KANSAS ,KS,Ellsworth,6,0,1,0,5,40,4,31,5,1
KANSAS ,KS,Finney,40,0,5,1,34,173,56,91,26,3
KANSAS ,KS,Ford,6,0,0,1,5,59,36,20,3,0
KANSAS ,KS,Franklin,30,0,3,1,26,73,16,44,13,0
KANSAS ,KS,Gove,2,0,0,0,2,8,1,5,2,0
KANSAS ,KS,Gray,4,0,0,0,4,28,7,19,2,2
KANSAS ,KS,Greeley,6,0,1,0,5,4,2,2,0,0
KANSAS ,KS,Greenwood,10,0,2,0,8,84,21,58,5,0
KANSAS ,KS,Hamilton,6,0,1,0,5,27,5,17,5,0
KANSAS ,KS,Harper,1,0,0,0,1,28,9,14,5,1
KANSAS ,KS,Haskell,4,0,1,0,3,16,6,7,3,0
KANSAS ,KS,Jewell,3,0,0,1,2,9,3,2,4,1
KANSAS ,KS,Kearny,6,1,0,0,5,56,7,47,2,3
KANSAS ,KS,Kingman,4,0,2,0,2,47,15,28,4,0
KANSAS ,KS,Labette,5,0,0,0,5,88,42,32,14,0
KANSAS ,KS,Lane,2,0,1,0,1,6,3,1,2,0
KANSAS ,KS,Logan,3,0,0,0,3,11,0,11,0,0
KANSAS ,KS,Lyon,18,0,4,0,14,67,10,52,5,6
KANSAS ,KS,Marion,4,0,1,0,3,47,18,23,6,0
KANSAS ,KS,Marshall,4,0,0,0,4,20,2,16,2,2
KANSAS ,KS,Mitchell,4,0,1,0,3,20,11,8,1,0
KANSAS ,KS,Montgomery,17,0,2,1,14,141,70,61,10,0
KANSAS ,KS,Morris,14,0,1,0,13,19,1,16,2,0
KANSAS ,KS,Morton,3,0,0,0,3,9,6,3,0,0
KANSAS ,KS,Nemaha,4,0,0,0,4,15,4,10,1,1
KANSAS ,KS,Neosho,12,0,2,0,10,107,51,40,16,2
KANSAS ,KS,Norton,5,0,1,0,4,10,4,6,0,0
KANSAS ,KS,Ottawa,1,0,0,0,1,42,17,24,1,0
KANSAS ,KS,Pawnee,4,0,0,1,3,29,28,1,0,1
KANSAS ,KS,Pratt,5,0,0,0,5,15,8,6,1,0
KANSAS ,KS,Republic,11,0,0,2,9,29,7,19,3,0
KANSAS ,KS,Rice,4,0,2,0,2,39,10,19,10,0
KANSAS ,KS,Rooks,11,0,3,0,8,37,5,27,5,0
KANSAS ,KS,Rush,10,0,1,0,9,40,10,26,4,1
KANSAS ,KS,Russell,13,0,2,0,11,20,5,11,4,0
KANSAS ,KS,Saline,35,1,1,3,30,152,27,110,15,3
KANSAS ,KS,Seward,9,0,2,0,7,11,1,10,0,1
KANSAS ,KS,Sheridan,1,0,1,0,0,6,2,4,0,0
KANSAS ,KS,Thomas,1,0,0,0,1,28,10,14,4,0
KANSAS ,KS,Trego,4,0,0,1,3,6,2,4,0,0
KANSAS ,KS,Washington,7,1,2,0,4,16,4,10,2,1
KANSAS ,KS,Woodson,2,0,0,0,2,38,11,25,2,1
KENTUCKY,KY,Allen,10,0,2,2,6,95,31,40,24,1
KENTUCKY,KY,Boone,69,2,27,4,36,652,80,468,104,3
KENTUCKY,KY,Bourbon,8,0,4,0,4,79,19,48,12,0
KENTUCKY,KY,Boyd,17,0,1,2,14,190,67,85,38,2
KENTUCKY,KY,Bracken,4,0,0,0,4,23,6,13,4,0
KENTUCKY,KY,Bullitt,24,2,8,3,11,269,62,144,63,3
KENTUCKY,KY,Butler,7,0,1,1,5,32,11,14,7,2
KENTUCKY,KY,Campbell,0,0,0,0,0,0,0,0,0,0
KENTUCKY,KY,Campbell County Police Department,8,0,3,0,5,81,15,48,18,0
KENTUCKY,KY,Carter,5,0,0,1,4,32,8,17,7,0
KENTUCKY,KY,Christian,28,2,7,1,18,229,77,123,29,1
KENTUCKY,KY,Clark,7,0,3,0,4,161,34,110,17,0
KENTUCKY,KY,Daviess,34,1,9,3,21,372,66,257,49,2
KENTUCKY,KY,Edmonson,7,0,0,0,7,19,4,5,10,0
KENTUCKY,KY,Fayette,0,0,0,0,0,1,1,0,0,0
KENTUCKY,KY,Gallatin,3,0,0,0,3,11,2,8,1,0
KENTUCKY,KY,Grant,9,0,3,2,4,92,21,54,17,1
KENTUCKY,KY,Greenup,1,0,0,0,1,41,12,17,12,0
KENTUCKY,KY,Hancock,2,0,1,0,1,27,4,14,9,0
KENTUCKY,KY,Hardin,27,0,4,3,20,130,39,71,20,2
KENTUCKY,KY,Henderson,15,0,5,1,9,126,49,62,15,1
KENTUCKY,KY,Henry,1,0,1,0,0,29,9,16,4,2
KENTUCKY,KY,Jefferson,0,0,0,0,0,5,0,2,3,0
KENTUCKY,KY,Jessamine,15,0,6,5,4,203,37,142,24,4
KENTUCKY,KY,Kenton,0,0,0,0,0,0,0,0,0,0
KENTUCKY,KY,Kenton County Police Department,20,1,3,0,16,79,16,50,13,2
KENTUCKY,KY,Larue,7,0,0,0,7,21,6,9,6,0
KENTUCKY,KY,McLean,2,0,0,0,2,33,10,16,7,0
KENTUCKY,KY,Meade,12,1,2,0,9,73,12,34,27,1
KENTUCKY,KY,Oldham,2,0,0,0,2,7,1,6,0,0
KENTUCKY,KY,Oldham County Police Department,26,1,5,5,15,364,52,271,41,2
KENTUCKY,KY,Pendleton,2,0,0,0,2,40,12,20,8,1
KENTUCKY,KY,Scott,16,0,4,5,7,113,12,80,21,0
KENTUCKY,KY,Shelby,19,0,5,5,9,220,42,146,32,0
KENTUCKY,KY,Spencer,5,0,2,0,3,46,13,25,8,0
KENTUCKY,KY,Trigg,6,0,3,0,3,58,23,29,6,0
KENTUCKY,KY,Warren,49,0,9,6,34,603,168,331,104,12
KENTUCKY,KY,Woodford,0,0,0,0,0,12,2,9,1,0
KENTUCKY,KY,Adair,2,0,0,0,2,16,5,7,4,0
KENTUCKY,KY,Anderson,5,0,1,0,4,31,7,17,7,0
KENTUCKY,KY,Ballard,9,0,2,0,7,59,21,30,8,0
KENTUCKY,KY,Barren,16,0,2,1,13,156,50,75,31,1
KENTUCKY,KY,Bath,9,0,0,0,9,36,12,17,7,0
KENTUCKY,KY,Bell,10,0,1,0,9,57,17,29,11,1
KENTUCKY,KY,Boyle,1,0,0,0,1,9,3,4,2,0
KENTUCKY,KY,Breathitt,2,1,0,0,1,20,7,12,1,0
KENTUCKY,KY,Breckinridge,11,1,3,0,7,54,6,24,24,0
KENTUCKY,KY,Caldwell,5,0,0,1,4,45,20,20,5,0
KENTUCKY,KY,Calloway,5,1,1,0,3,182,58,105,19,3
KENTUCKY,KY,Carlisle,2,0,1,0,1,5,2,3,0,0
KENTUCKY,KY,Carroll,4,0,1,0,3,45,6,22,17,0
KENTUCKY,KY,Casey,4,0,1,1,2,26,17,5,4,0
KENTUCKY,KY,Clay,6,0,0,0,6,87,21,42,24,1
KENTUCKY,KY,Clinton,2,0,0,1,1,9,2,3,4,0
KENTUCKY,KY,Crittenden,2,0,1,0,1,27,14,8,5,0
KENTUCKY,KY,Cumberland,1,0,0,0,1,17,5,7,5,0
KENTUCKY,KY,Elliott,0,0,0,0,0,8,3,4,1,0
KENTUCKY,KY,Estill,7,0,0,0,7,42,13,22,7,0
KENTUCKY,KY,Fleming,4,0,0,0,4,18,2,6,10,0
KENTUCKY,KY,Floyd,2,0,0,0,2,53,11,17,25,1
KENTUCKY,KY,Franklin,19,1,2,1,15,195,40,110,45,0
KENTUCKY,KY,Fulton,1,0,1,0,0,0,0,0,0,0
KENTUCKY,KY,Garrard,0,0,0,0,0,0,0,0,0,0
KENTUCKY,KY,Garrard County Police Department,4,0,1,0,3,42,11,23,8,0
KENTUCKY,KY,Graves,17,0,6,2,9,188,69,97,22,0
KENTUCKY,KY,Grayson,9,0,1,1,7,74,21,40,13,1
KENTUCKY,KY,Green,1,0,1,0,0,8,2,3,3,1
KENTUCKY,KY,Harlan,4,0,0,0,4,42,12,24,6,2
KENTUCKY,KY,Harrison,2,0,0,0,2,44,13,21,10,0
KENTUCKY,KY,Hart,6,0,0,0,6,42,12,22,8,1
KENTUCKY,KY,Hickman,1,0,1,0,0,10,5,3,2,0
KENTUCKY,KY,Hopkins,26,1,10,5,10,201,46,132,23,1
KENTUCKY,KY,Jackson,6,0,0,0,6,56,20,23,13,1
KENTUCKY,KY,Johnson,6,1,1,0,4,42,13,16,13,0
KENTUCKY,KY,Knott,2,0,1,0,1,24,4,10,10,0
KENTUCKY,KY,Knox,7,0,0,0,7,69,20,22,27,1
KENTUCKY,KY,Laurel,43,2,9,4,28,425,57,228,140,3
KENTUCKY,KY,Lawrence,4,0,1,1,2,52,14,20,18,0
KENTUCKY,KY,Lee,0,0,0,0,0,22,2,9,11,1
KENTUCKY,KY,Leslie,2,0,0,0,2,19,5,8,6,2
KENTUCKY,KY,Letcher,3,0,0,0,3,7,0,2,5,0
KENTUCKY,KY,Lewis,0,0,0,0,0,23,6,7,10,0
KENTUCKY,KY,Lincoln,3,0,1,0,2,84,46,25,13,0
KENTUCKY,KY,Livingston,2,0,0,1,1,54,28,17,9,0
KENTUCKY,KY,Logan,14,0,3,0,11,67,19,33,15,1
KENTUCKY,KY,Lyon,5,1,0,0,4,32,13,18,1,0
KENTUCKY,KY,Madison,21,0,5,0,16,220,54,122,44,0
KENTUCKY,KY,Magoffin,1,0,0,0,1,18,2,9,7,1
KENTUCKY,KY,Marion,5,0,0,0,5,37,8,25,4,0
KENTUCKY,KY,Marshall,24,0,8,1,15,230,60,141,29,1
KENTUCKY,KY,Martin,4,0,0,1,3,9,0,5,4,0
KENTUCKY,KY,Mason,4,0,0,0,4,73,18,40,15,0
KENTUCKY,KY,McCracken,34,1,13,9,11,310,93,189,28,1
KENTUCKY,KY,McCreary,2,0,0,0,2,50,12,21,17,1
KENTUCKY,KY,Menifee,2,0,0,0,2,10,3,1,6,0
KENTUCKY,KY,Mercer,4,1,0,0,3,19,8,9,2,1
KENTUCKY,KY,Metcalfe,4,0,0,1,3,21,12,8,1,1
KENTUCKY,KY,Monroe,2,0,0,0,2,19,6,6,7,1
KENTUCKY,KY,Montgomery,14,0,5,2,7,201,41,130,30,0
KENTUCKY,KY,Morgan,3,0,0,1,2,41,9,24,8,0
KENTUCKY,KY,Muhlenberg,14,0,0,1,13,63,27,27,9,0
KENTUCKY,KY,Nelson,26,2,2,0,22,188,50,114,24,0
KENTUCKY,KY,Nicholas,0,0,0,0,0,6,3,2,1,1
KENTUCKY,KY,Ohio,12,0,6,0,6,107,47,42,18,2
KENTUCKY,KY,Owen,2,0,0,0,2,31,13,15,3,0
KENTUCKY,KY,Owsley,0,0,0,0,0,1,1,0,0,0
KENTUCKY,KY,Perry,13,0,2,0,11,41,10,11,20,2
KENTUCKY,KY,Pike,1,0,0,0,1,38,10,19,9,0
KENTUCKY,KY,Powell,0,0,0,0,0,4,1,1,2,0
KENTUCKY,KY,Pulaski,16,1,2,2,11,285,125,100,60,5
KENTUCKY,KY,Robertson,0,0,0,0,0,4,3,1,0,0
KENTUCKY,KY,Rockcastle,3,0,2,0,1,46,16,15,15,0
KENTUCKY,KY,Rowan,8,0,0,0,8,45,8,31,6,0
KENTUCKY,KY,Russell,0,0,0,0,0,10,3,6,1,0
KENTUCKY,KY,Simpson,8,0,4,0,4,35,9,12,14,1
KENTUCKY,KY,Taylor,10,0,5,1,4,179,79,83,17,1
KENTUCKY,KY,Todd,6,0,1,0,5,41,22,17,2,0
KENTUCKY,KY,Trimble,1,0,0,0,1,23,4,15,4,1
KENTUCKY,KY,Union,3,0,2,1,0,55,20,24,11,1
KENTUCKY,KY,Washington,1,1,0,0,0,11,3,5,3,0
KENTUCKY,KY,Wayne,6,0,1,0,5,34,10,14,10,1
KENTUCKY,KY,Webster,2,0,0,0,2,31,7,15,9,0
KENTUCKY,KY,Whitley,13,0,0,2,11,143,53,66,24,0
KENTUCKY,KY,Wolfe,6,0,2,0,4,19,6,7,6,0
LOUISIANA,LA,Acadia,0,0,0,0,0,0,0,0,0,0
LOUISIANA,LA,Ascension,402,7,24,18,353,"1,915",289,"1,418",208,6
LOUISIANA,LA,Bossier,149,1,16,3,129,506,102,354,50,2
LOUISIANA,LA,Caddo,54,0,1,2,51,632,153,420,59,3
LOUISIANA,LA,Calcasieu,909,5,69,23,812,"4,069",748,"2,929",392,6
LOUISIANA,LA,East Baton Rouge,652,11,17,55,569,"5,002",744,"3,824",434,3
LOUISIANA,LA,Grant,64,8,5,3,48,245,72,148,25,1
LOUISIANA,LA,Iberville,118,3,2,2,111,204,40,152,12,22
LOUISIANA,LA,Jefferson,"1,263",46,54,165,998,"7,405","1,126","5,518",761,29
LOUISIANA,LA,Lafayette,180,2,17,17,144,628,156,383,89,0
LOUISIANA,LA,Lafourche,224,9,11,4,200,"1,490",273,"1,127",90,5
LOUISIANA,LA,Livingston,504,1,71,20,412,"2,062",513,"1,329",220,7
LOUISIANA,LA,Morehouse,28,2,2,0,24,111,21,82,8,0
LOUISIANA,LA,Ouachita,741,4,39,37,661,"2,343",582,"1,514",247,10
LOUISIANA,LA,Plaquemines,68,0,0,0,68,141,38,90,13,2
LOUISIANA,LA,Pointe Coupee,81,3,7,1,70,208,40,139,29,2
LOUISIANA,LA,Rapides,381,6,30,8,337,"1,609",652,807,150,9
LOUISIANA,LA,St. Bernard,108,1,3,7,97,482,82,350,50,1
LOUISIANA,LA,St. Charles,150,6,12,19,113,633,138,439,56,8
LOUISIANA,LA,St. Helena,42,2,1,0,39,68,13,46,9,0
LOUISIANA,LA,St. James,107,5,0,2,100,292,62,202,28,3
LOUISIANA,LA,St. John the Baptist,121,6,0,4,111,777,225,486,66,0
LOUISIANA,LA,St. Martin,200,11,11,5,173,696,185,404,107,3
LOUISIANA,LA,Tangipahoa,819,16,27,37,739,"1,423",358,853,212,16
LOUISIANA,LA,Terrebonne,284,8,3,11,262,"1,962",438,"1,379",145,10
LOUISIANA,LA,Vermilion,99,2,7,5,85,503,223,241,39,5
LOUISIANA,LA,West Baton Rouge,39,1,0,4,34,455,60,347,48,1
LOUISIANA,LA,West Feliciana,53,0,6,1,46,16,10,2,4,1
LOUISIANA,LA,Beauregard,46,0,7,0,39,128,23,83,22,4
LOUISIANA,LA,Bienville,40,1,3,2,34,169,46,102,21,0
LOUISIANA,LA,Caldwell,0,0,0,0,0,0,0,0,0,0
LOUISIANA,LA,Catahoula,21,1,2,1,17,93,18,60,15,1
LOUISIANA,LA,Claiborne,20,0,3,1,16,60,12,40,8,0
LOUISIANA,LA,Concordia,41,2,3,2,34,65,22,33,10,0
LOUISIANA,LA,East Carroll,25,4,0,0,21,28,7,18,3,0
LOUISIANA,LA,Franklin,88,5,5,2,76,201,40,140,21,1
LOUISIANA,LA,Jackson,15,0,4,0,11,93,12,62,19,1
LOUISIANA,LA,Lincoln,63,3,2,1,57,222,66,140,16,0
LOUISIANA,LA,Richland,59,0,0,1,58,77,12,56,9,1
LOUISIANA,LA,St. Landry,172,13,3,9,147,641,165,415,61,3
LOUISIANA,LA,St. Mary,138,6,11,4,117,410,105,268,37,3
LOUISIANA,LA,Tensas,0,0,0,0,0,1,1,0,0,0
LOUISIANA,LA,Washington,163,6,18,1,138,370,91,205,74,5
LOUISIANA,LA,Webster,25,0,1,2,22,159,26,110,23,0
LOUISIANA,LA,West Carroll,6,1,3,1,1,20,3,13,4,0
LOUISIANA,LA,Winn,34,1,3,1,29,40,11,20,9,0
MAINE,ME,Androscoggin,20,0,13,1,6,128,22,100,6,0
MAINE,ME,Cumberland,31,0,15,1,15,287,58,212,17,1
MAINE,ME,Penobscot,15,0,0,0,15,349,66,249,34,1
MAINE,ME,Sagadahoc,8,0,0,1,7,46,8,35,3,1
MAINE,ME,York,40,0,28,4,8,266,47,212,7,0
MAINE,ME,Aroostook,7,0,2,0,5,139,43,91,5,0
MAINE,ME,Franklin,19,0,6,0,13,76,15,58,3,0
MAINE,ME,Hancock,17,0,8,0,9,92,9,78,5,0
MAINE,ME,Kennebec,26,0,12,1,13,294,105,166,23,1
MAINE,ME,Knox,4,0,0,0,4,110,9,97,4,0
MAINE,ME,Lincoln,27,0,16,0,11,79,20,50,9,0
MAINE,ME,Oxford,35,0,23,0,12,228,42,176,10,0
MAINE,ME,Piscataquis,2,0,0,0,2,74,8,58,8,0
MAINE,ME,Somerset,37,0,16,4,17,291,41,220,30,1
MAINE,ME,Waldo,6,0,3,0,3,101,18,75,8,0
MAINE,ME,Washington,20,0,4,2,14,78,15,50,13,1
MARYLAND,MD,Allegany,17,0,8,0,9,80,16,60,4,0
MARYLAND,MD,Baltimore County Police Department,"3,333",52,371,705,"2,205","14,059","1,462","11,454","1,143",127
MARYLAND,MD,Montgomery County Police Department,"1,630",30,309,432,859,"13,151","1,076","10,737","1,338",14
MARYLAND,MD,St. Mary's,285,3,27,25,230,"1,162",202,893,67,16
MARYLAND,MD,Garrett,15,1,3,0,11,122,43,59,20,1
MARYLAND,MD,Talbot,26,0,11,0,15,97,29,63,5,3
MICHIGAN,MI,Bay,46,0,19,3,24,432,59,338,35,5
MICHIGAN,MI,Berrien,174,0,44,7,123,709,123,505,81,3
MICHIGAN,MI,Calhoun,123,1,15,6,101,567,117,396,54,5
MICHIGAN,MI,Cass,54,0,10,2,42,322,74,205,43,2
MICHIGAN,MI,Clinton,21,1,2,2,16,139,18,113,8,1
MICHIGAN,MI,Eaton,165,7,26,10,122,751,79,600,72,1
MICHIGAN,MI,Genesee,95,2,23,2,68,351,35,243,73,2
MICHIGAN,MI,Ingham,173,1,28,15,129,558,85,402,71,3
MICHIGAN,MI,Ionia,4,0,1,0,3,10,0,8,2,0
MICHIGAN,MI,Jackson,304,5,29,3,267,386,60,280,46,4
MICHIGAN,MI,Kalamazoo,371,7,51,33,280,"2,333",287,"1,640",406,14
MICHIGAN,MI,Kent,458,4,121,44,289,"2,770",392,"2,078",300,12
MICHIGAN,MI,Lapeer,54,0,27,0,27,152,37,100,15,3
MICHIGAN,MI,Livingston,71,1,27,1,42,359,66,280,13,5
MICHIGAN,MI,Macomb,345,1,58,18,268,772,98,526,148,4
MICHIGAN,MI,Midland,77,0,25,0,52,277,51,205,21,2
MICHIGAN,MI,Montcalm,56,0,12,0,44,237,37,183,17,3
MICHIGAN,MI,Muskegon,15,0,6,1,8,53,6,45,2,0
MICHIGAN,MI,Oakland,16,1,3,1,11,31,5,17,9,2
MICHIGAN,MI,Ottawa,589,1,213,15,360,"1,847",354,"1,356",137,12
MICHIGAN,MI,Saginaw,126,5,18,9,94,353,28,295,30,0
MICHIGAN,MI,Shiawassee,19,0,2,1,16,124,28,86,10,0
MICHIGAN,MI,St. Clair,157,0,28,3,126,497,85,360,52,5
MICHIGAN,MI,Washtenaw,665,8,61,42,554,"1,247",234,791,222,11
MICHIGAN,MI,Wayne,11,0,6,0,5,1,0,1,0,0
MICHIGAN,MI,Alcona,11,0,1,1,9,66,10,48,8,0
MICHIGAN,MI,Alger,3,0,0,0,3,7,1,6,0,0
MICHIGAN,MI,Allegan,91,0,13,2,76,573,117,380,76,3
MICHIGAN,MI,Alpena,4,0,4,0,0,27,1,25,1,0
MICHIGAN,MI,Antrim,26,0,10,0,16,90,17,66,7,0
MICHIGAN,MI,Arenac,32,1,3,0,28,80,31,43,6,0
MICHIGAN,MI,Baraga,3,0,0,0,3,4,3,1,0,0
MICHIGAN,MI,Barry,76,1,43,2,30,315,59,215,41,5
MICHIGAN,MI,Benzie,16,0,8,0,8,46,6,38,2,1
MICHIGAN,MI,Branch,25,0,10,0,15,161,56,89,16,2
MICHIGAN,MI,Charlevoix,18,0,6,0,12,60,7,49,4,1
MICHIGAN,MI,Cheboygan,19,0,3,0,16,26,2,21,3,0
MICHIGAN,MI,Chippewa,6,0,1,0,5,6,1,5,0,0
MICHIGAN,MI,Clare,76,5,13,0,58,387,178,177,32,6
MICHIGAN,MI,Crawford,35,0,9,1,25,62,11,44,7,2
MICHIGAN,MI,Delta,15,0,4,0,11,38,4,31,3,0
MICHIGAN,MI,Emmet,42,0,7,0,35,69,12,51,6,4
MICHIGAN,MI,Gladwin,44,0,2,1,41,129,40,77,12,4
MICHIGAN,MI,Gogebic,11,1,2,0,8,18,2,14,2,0
MICHIGAN,MI,Grand Traverse,191,1,49,1,140,399,33,346,20,6
MICHIGAN,MI,Gratiot,31,1,10,1,19,228,17,198,13,2
MICHIGAN,MI,Hillsdale,61,0,16,0,45,136,27,91,18,1
MICHIGAN,MI,Houghton,15,0,4,1,10,53,7,41,5,0
MICHIGAN,MI,Huron,28,0,7,1,20,76,9,61,6,0
MICHIGAN,MI,Iosco,0,0,0,0,0,0,0,0,0,0
MICHIGAN,MI,Isabella,54,0,20,2,32,333,35,265,33,2
MICHIGAN,MI,Kalkaska,31,0,2,1,28,85,10,69,6,1
MICHIGAN,MI,Keweenaw,0,0,0,0,0,14,3,11,0,0
MICHIGAN,MI,Leelanau,24,0,5,0,19,50,10,37,3,3
MICHIGAN,MI,Lenawee,65,1,20,1,43,184,45,121,18,3
MICHIGAN,MI,Luce,12,0,1,0,11,55,10,42,3,1
MICHIGAN,MI,Mackinac,15,0,6,0,9,93,28,61,4,0
MICHIGAN,MI,Manistee,16,0,8,0,8,138,14,119,5,1
MICHIGAN,MI,Marquette,34,0,8,0,26,122,8,107,7,0
MICHIGAN,MI,Mason,31,0,8,0,23,104,19,72,13,0
MICHIGAN,MI,Mecosta,13,0,1,0,12,43,9,28,6,1
MICHIGAN,MI,Missaukee,32,0,11,0,21,112,31,72,9,0
MICHIGAN,MI,Montmorency,6,0,1,0,5,12,6,5,1,0
MICHIGAN,MI,Newaygo,11,0,5,0,6,43,11,24,8,0
MICHIGAN,MI,Oceana,62,0,11,0,51,184,38,128,18,1
MICHIGAN,MI,Ogemaw,7,0,2,0,5,84,10,69,5,0
MICHIGAN,MI,Ontonagon,7,0,1,0,6,17,2,14,1,0
MICHIGAN,MI,Oscoda,12,0,3,0,9,51,9,25,17,0
MICHIGAN,MI,Otsego,7,0,3,0,4,15,2,11,2,0
MICHIGAN,MI,Presque Isle,5,0,1,0,4,15,3,10,2,0
MICHIGAN,MI,Sanilac,25,1,13,0,11,76,16,46,14,4
MICHIGAN,MI,Schoolcraft,0,0,0,0,0,1,0,1,0,0
MICHIGAN,MI,St. Joseph,81,1,10,1,69,278,73,161,44,3
MICHIGAN,MI,Tuscola,54,0,22,1,31,121,31,75,15,3
MICHIGAN,MI,Van Buren,102,2,18,2,80,323,91,210,22,4
MICHIGAN,MI,Wexford,3,0,0,1,2,51,17,31,3,0
MINNESOTA,MN,Anoka,55,0,14,2,39,659,84,505,70,5
MINNESOTA,MN,Benton,10,0,2,0,8,120,34,69,17,0
MINNESOTA,MN,Blue Earth,30,0,6,0,24,128,40,77,11,0
MINNESOTA,MN,Carlton,23,1,5,0,17,168,45,117,6,0
MINNESOTA,MN,Carver,40,1,15,2,22,610,72,508,30,7
MINNESOTA,MN,Chisago,43,1,12,0,30,264,118,120,26,2
MINNESOTA,MN,Clay,14,0,4,2,8,75,33,31,11,1
MINNESOTA,MN,Dakota,14,0,1,0,13,33,24,6,3,0
MINNESOTA,MN,Dodge,13,0,1,0,12,124,33,83,8,0
MINNESOTA,MN,Fillmore,4,0,1,0,3,94,21,70,3,0
MINNESOTA,MN,Hennepin,36,0,1,0,35,31,1,29,1,0
MINNESOTA,MN,Houston,4,0,0,0,4,30,7,18,5,0
MINNESOTA,MN,Isanti,28,1,4,0,23,207,42,136,29,1
MINNESOTA,MN,Lake,5,0,3,0,2,22,1,18,3,0
MINNESOTA,MN,Le Sueur,3,1,0,0,2,114,37,69,8,2
MINNESOTA,MN,Mille Lacs,47,0,5,0,42,288,61,188,39,8
MINNESOTA,MN,Nicollet,6,0,4,0,2,67,6,52,9,1
MINNESOTA,MN,Olmsted,55,0,10,1,44,274,49,198,27,3
MINNESOTA,MN,Polk,18,0,6,0,12,104,15,79,10,0
MINNESOTA,MN,Ramsey,215,0,27,22,166,"1,622",169,"1,268",185,2
MINNESOTA,MN,Scott,8,0,3,0,5,180,15,156,9,1
MINNESOTA,MN,Sherburne,28,0,9,0,19,263,29,213,21,1
MINNESOTA,MN,Stearns,45,0,14,1,30,244,58,155,31,1
MINNESOTA,MN,St. Louis,83,2,24,2,55,591,183,335,73,3
MINNESOTA,MN,Wabasha,3,1,0,0,2,29,6,22,1,0
MINNESOTA,MN,Washington,85,1,24,5,55,786,132,575,79,6
MINNESOTA,MN,Wright,114,1,28,3,82,742,83,618,41,1
MINNESOTA,MN,Aitkin,13,0,7,0,6,166,48,94,24,0
MINNESOTA,MN,Becker,34,0,7,1,26,109,32,56,21,0
MINNESOTA,MN,Beltrami,66,2,23,5,36,297,76,191,30,4
MINNESOTA,MN,Big Stone,2,0,1,0,1,28,8,19,1,1
MINNESOTA,MN,Brown,3,0,1,0,2,48,13,29,6,0
MINNESOTA,MN,Cass,46,0,1,1,44,312,77,214,21,1
MINNESOTA,MN,Clearwater,4,0,1,0,3,55,10,34,11,0
MINNESOTA,MN,Cook,16,0,2,0,14,41,2,36,3,0
MINNESOTA,MN,Cottonwood,1,0,0,0,1,10,4,5,1,0
MINNESOTA,MN,Crow Wing,34,1,14,0,19,193,34,145,14,1
MINNESOTA,MN,Douglas,17,0,3,0,14,151,5,129,17,0
MINNESOTA,MN,Freeborn,12,0,3,0,9,197,54,134,9,0
MINNESOTA,MN,Goodhue,4,0,1,0,3,144,19,102,23,1
MINNESOTA,MN,Grant,3,0,0,0,3,1,0,1,0,0
MINNESOTA,MN,Hubbard,30,0,7,0,23,137,35,93,9,0
MINNESOTA,MN,Itasca,55,0,14,1,40,114,21,79,14,1
MINNESOTA,MN,Jackson,7,0,0,1,6,22,5,10,7,0
MINNESOTA,MN,Kanabec,12,0,3,0,9,69,15,47,7,1
MINNESOTA,MN,Kandiyohi,29,0,11,1,17,201,25,143,33,1
MINNESOTA,MN,Kittson,2,0,1,0,1,6,0,5,1,0
MINNESOTA,MN,Koochiching,10,0,2,0,8,45,23,20,2,0
MINNESOTA,MN,Lac qui Parle,2,0,0,0,2,16,1,13,2,0
MINNESOTA,MN,Lincoln,5,0,0,0,5,9,3,5,1,0
MINNESOTA,MN,Lyon,11,0,5,0,6,41,16,19,6,0
MINNESOTA,MN,Mahnomen,19,0,0,1,18,46,13,22,11,0
MINNESOTA,MN,Marshall,11,0,4,0,7,30,5,24,1,0
MINNESOTA,MN,Martin,1,0,0,0,1,6,0,5,1,0
MINNESOTA,MN,McLeod,18,0,1,1,16,75,17,53,5,1
MINNESOTA,MN,Meeker,24,1,3,0,20,119,33,79,7,1
MINNESOTA,MN,Morrison,32,0,13,0,19,238,51,167,20,1
MINNESOTA,MN,Mower,14,0,4,0,10,138,48,70,20,2
MINNESOTA,MN,Murray,1,0,0,0,1,10,5,5,0,0
MINNESOTA,MN,Nobles,5,0,2,0,3,22,7,10,5,0
MINNESOTA,MN,Norman,2,0,1,0,1,52,15,31,6,0
MINNESOTA,MN,Otter Tail,18,0,4,0,14,148,46,87,15,1
MINNESOTA,MN,Pennington,3,0,0,0,3,40,8,28,4,0
MINNESOTA,MN,Pine,90,0,21,2,67,539,149,313,77,3
MINNESOTA,MN,Pipestone,13,0,3,0,10,32,2,29,1,1
MINNESOTA,MN,Pope,3,0,0,0,3,39,7,25,7,0
MINNESOTA,MN,Redwood,14,0,5,0,9,63,9,48,6,0
MINNESOTA,MN,Renville,7,0,5,0,2,86,16,65,5,0
MINNESOTA,MN,Rice,22,0,6,0,16,124,20,92,12,0
MINNESOTA,MN,Rock,6,0,1,0,5,45,5,28,12,0
MINNESOTA,MN,Roseau,7,0,2,0,5,37,10,21,6,1
MINNESOTA,MN,Sibley,5,0,1,0,4,15,1,12,2,0
MINNESOTA,MN,Steele,6,0,2,0,4,61,13,39,9,0
MINNESOTA,MN,Stevens,7,0,0,0,7,9,2,7,0,0
MINNESOTA,MN,Swift,1,0,0,0,1,1,0,1,0,0
MINNESOTA,MN,Todd,22,0,8,0,14,116,29,82,5,1
MINNESOTA,MN,Traverse,2,0,0,0,2,25,4,15,6,2
MINNESOTA,MN,Waseca,11,0,8,0,3,129,46,79,4,0
MINNESOTA,MN,Watonwan,7,0,1,0,6,32,18,13,1,0
MINNESOTA,MN,Wilkin,2,0,0,0,2,16,2,14,0,0
MINNESOTA,MN,Winona,19,0,6,0,13,99,26,62,11,0
MINNESOTA,MN,Yellow Medicine,4,0,0,0,4,44,7,35,2,0
MISSISSIPPI,MS,DeSoto,51,0,16,3,32,286,59,176,51,3
MISSISSIPPI,MS,Forrest,51,1,14,4,32,328,88,190,50,1
MISSISSIPPI,MS,Hancock,25,3,6,4,12,466,92,309,65,5
MISSISSIPPI,MS,Harrison,52,4,7,11,30,797,127,537,133,6
MISSISSIPPI,MS,Lamar,59,4,7,5,43,526,314,147,65,0
MISSISSIPPI,MS,Madison,104,1,9,1,93,174,41,120,13,1
MISSISSIPPI,MS,Stone,17,0,7,0,10,107,24,65,18,0
MISSISSIPPI,MS,Tate,21,2,3,5,11,151,34,80,37,6
MISSISSIPPI,MS,Tunica,67,2,12,7,46,436,56,319,61,3
MISSISSIPPI,MS,Alcorn,10,0,2,0,8,263,72,152,39,1
MISSISSIPPI,MS,Amite,9,2,0,0,7,24,11,4,9,3
MISSISSIPPI,MS,Attala,11,0,2,1,8,129,35,75,19,2
MISSISSIPPI,MS,Bolivar,46,11,4,2,29,219,53,130,36,1
MISSISSIPPI,MS,Calhoun,14,0,0,1,13,36,14,19,3,0
MISSISSIPPI,MS,Chickasaw,11,0,0,0,11,23,10,10,3,3
MISSISSIPPI,MS,Choctaw,27,1,6,0,20,62,20,26,16,0
MISSISSIPPI,MS,Claiborne,24,9,0,0,15,42,22,12,8,0
MISSISSIPPI,MS,Clay,17,1,1,0,15,77,26,40,11,0
MISSISSIPPI,MS,Coahoma,4,0,0,0,4,22,7,11,4,0
MISSISSIPPI,MS,George,37,0,14,2,21,319,74,194,51,3
MISSISSIPPI,MS,Grenada,46,0,11,2,33,189,50,121,18,1
MISSISSIPPI,MS,Jasper,19,0,3,4,12,60,21,35,4,0
MISSISSIPPI,MS,Jefferson,9,2,2,0,5,17,5,9,3,0
MISSISSIPPI,MS,Kemper,9,0,3,2,4,15,0,11,4,1
MISSISSIPPI,MS,Lafayette,21,1,5,2,13,157,45,92,20,0
MISSISSIPPI,MS,Leake,56,0,9,1,46,155,59,78,18,2
MISSISSIPPI,MS,Lee,91,3,29,4,55,611,159,377,75,6
MISSISSIPPI,MS,Lincoln,39,0,16,1,22,247,64,139,44,7
MISSISSIPPI,MS,Lowndes,55,4,10,13,28,537,184,298,55,5
MISSISSIPPI,MS,Marion,45,3,1,6,35,176,69,88,19,2
MISSISSIPPI,MS,Monroe,61,0,13,0,48,105,46,37,22,3
MISSISSIPPI,MS,Neshoba,24,0,4,2,18,100,35,44,21,1
MISSISSIPPI,MS,Noxubee,22,2,0,0,20,35,12,20,3,1
MISSISSIPPI,MS,Oktibbeha,63,2,17,10,34,383,107,240,36,5
MISSISSIPPI,MS,Pike,57,0,5,4,48,300,180,92,28,9
MISSISSIPPI,MS,Pontotoc,71,0,27,3,41,146,38,76,32,1
MISSISSIPPI,MS,Prentiss,23,1,2,0,20,116,37,63,16,1
MISSISSIPPI,MS,Smith,6,1,0,0,5,67,17,33,17,0
MISSISSIPPI,MS,Sunflower,6,0,0,1,5,72,29,35,8,3
MISSISSIPPI,MS,Tallahatchie,28,0,3,2,23,96,16,55,25,0
MISSISSIPPI,MS,Tishomingo,28,1,5,0,22,128,36,79,13,3
MISSISSIPPI,MS,Union,26,1,7,2,16,162,41,107,14,1
MISSISSIPPI,MS,Wayne,15,0,6,0,9,103,26,67,10,1
MISSISSIPPI,MS,Webster,8,0,0,0,8,30,7,15,8,0
MISSISSIPPI,MS,Winston,22,0,3,0,19,76,33,40,3,0
MISSOURI,MO,Andrew,15,0,5,0,10,131,25,82,24,0
MISSOURI,MO,Bollinger,74,1,11,0,62,67,30,28,9,1
MISSOURI,MO,Boone,98,6,18,6,68,608,75,430,103,4
MISSOURI,MO,Buchanan,23,0,13,2,8,148,27,84,37,1
MISSOURI,MO,Caldwell,6,1,4,0,1,42,8,26,8,0
MISSOURI,MO,Callaway,70,0,12,2,56,256,72,151,33,0
MISSOURI,MO,Cape Girardeau,64,0,11,1,52,209,59,116,34,4
MISSOURI,MO,Clay,34,1,6,3,24,175,37,101,37,3
MISSOURI,MO,Clinton,18,0,7,0,11,84,28,49,7,1
MISSOURI,MO,Cole,33,0,2,2,29,205,34,149,22,1
MISSOURI,MO,Cooper,11,0,0,0,11,25,4,17,4,0
MISSOURI,MO,Franklin,49,0,4,0,45,304,58,180,66,2
MISSOURI,MO,Greene,144,5,22,10,107,926,229,578,119,2
MISSOURI,MO,Jackson,130,2,9,7,112,382,66,239,77,12
MISSOURI,MO,Jasper,49,3,14,2,30,482,62,314,106,2
MISSOURI,MO,Jefferson,525,6,38,10,471,"2,059",389,"1,216",454,24
MISSOURI,MO,Lincoln,428,1,31,0,396,236,61,121,54,3
MISSOURI,MO,Newton,116,2,23,4,87,585,131,362,92,2
MISSOURI,MO,Polk,99,2,7,1,89,263,76,166,21,1
MISSOURI,MO,St. Charles,2,0,0,0,2,1,1,0,0,0
MISSOURI,MO,St. Charles County Police Department,117,0,27,7,83,460,62,312,86,2
MISSOURI,MO,St. Louis County Police Department,"1,995",40,105,289,"1,561","7,861",982,"5,265","1,614",61
MISSOURI,MO,Warren,43,0,12,0,31,210,51,111,48,3
MISSOURI,MO,Webster,63,0,9,0,54,208,40,149,19,5
MISSOURI,MO,Adair,5,0,0,0,5,63,29,24,10,1
MISSOURI,MO,Audrain,44,0,2,2,40,123,35,74,14,1
MISSOURI,MO,Barry,64,0,3,1,60,248,42,157,49,2
MISSOURI,MO,Benton,27,1,2,0,24,155,47,75,33,1
MISSOURI,MO,Butler,71,0,14,1,56,505,96,302,107,2
MISSOURI,MO,Carter,33,1,2,0,30,47,10,31,6,0
MISSOURI,MO,Chariton,2,0,1,0,1,42,4,32,6,1
MISSOURI,MO,Clark,4,0,0,0,4,93,32,53,8,1
MISSOURI,MO,Crawford,33,0,3,0,30,64,12,47,5,2
MISSOURI,MO,Dade,45,1,3,1,40,96,32,45,19,2
MISSOURI,MO,Daviess,12,0,1,0,11,9,2,4,3,0
MISSOURI,MO,Dent,24,1,4,0,19,87,26,41,20,1
MISSOURI,MO,Douglas,15,0,0,0,15,24,6,15,3,2
MISSOURI,MO,Dunklin,22,0,2,0,20,82,24,39,19,3
MISSOURI,MO,Grundy,6,0,3,0,3,10,4,4,2,0
MISSOURI,MO,Henry,97,4,12,2,79,410,213,139,58,4
MISSOURI,MO,Holt,6,0,0,0,6,41,6,28,7,1
MISSOURI,MO,Howell,64,0,12,0,52,272,54,185,33,6
MISSOURI,MO,Johnson,21,1,5,1,14,238,65,122,51,1
MISSOURI,MO,Laclede,54,0,8,2,44,294,24,218,52,2
MISSOURI,MO,Lawrence,60,0,10,1,49,232,67,124,41,3
MISSOURI,MO,Lewis,0,0,0,0,0,35,7,24,4,0
MISSOURI,MO,Linn,17,0,3,0,14,29,3,20,6,1
MISSOURI,MO,Livingston,5,0,0,1,4,41,15,25,1,0
MISSOURI,MO,Macon,5,0,4,0,1,68,26,37,5,0
MISSOURI,MO,Madison,10,0,3,0,7,97,26,50,21,0
MISSOURI,MO,Maries,10,0,3,0,7,54,8,38,8,1
MISSOURI,MO,McDonald,119,2,10,0,107,189,37,111,41,3
MISSOURI,MO,Mississippi,7,0,1,0,6,41,10,26,5,1
MISSOURI,MO,Monroe,30,0,4,0,26,36,11,22,3,1
MISSOURI,MO,Montgomery,14,0,3,0,11,49,9,28,12,2
MISSOURI,MO,New Madrid,57,1,5,0,51,170,35,103,32,8
MISSOURI,MO,Nodaway,19,0,8,0,11,71,17,45,9,3
MISSOURI,MO,Oregon,11,1,4,0,6,52,16,27,9,0
MISSOURI,MO,Pemiscot,25,0,6,0,19,77,17,45,15,2
MISSOURI,MO,Perry,38,0,2,0,36,33,10,16,7,0
MISSOURI,MO,Phelps,29,2,7,1,19,187,51,108,28,1
MISSOURI,MO,Pike,23,0,7,0,16,73,25,33,15,2
MISSOURI,MO,Randolph,65,0,2,0,63,46,8,27,11,0
MISSOURI,MO,Ripley,5,0,0,0,5,45,11,22,12,2
MISSOURI,MO,Saline,117,1,4,0,112,80,13,51,16,3
MISSOURI,MO,Schuyler,16,0,9,0,7,52,12,33,7,1
MISSOURI,MO,Ste. Genevieve,42,0,9,0,33,111,15,68,28,0
MISSOURI,MO,Stoddard,34,1,10,1,22,149,36,93,20,3
MISSOURI,MO,Stone,69,0,7,1,61,400,100,234,66,5
MISSOURI,MO,Taney,64,1,3,2,58,276,28,192,56,0
MISSOURI,MO,Texas,61,0,7,0,54,148,31,90,27,2
MISSOURI,MO,Vernon,50,0,8,1,41,116,21,64,31,3
MISSOURI,MO,Washington,47,0,12,0,35,132,34,73,25,1
MISSOURI,MO,Wayne,57,0,4,0,53,143,53,69,21,1
MISSOURI,MO,Wright,17,0,1,1,15,80,16,47,17,0
MONTANA,MT,Carbon,10,0,2,0,8,49,12,29,8,0
MONTANA,MT,Cascade,100,1,7,3,89,331,90,211,30,1
MONTANA,MT,Missoula,129,4,16,3,106,297,63,199,35,4
MONTANA,MT,Stillwater,19,0,3,0,16,82,23,52,7,3
MONTANA,MT,Yellowstone,143,1,11,9,122,804,73,565,166,11
MONTANA,MT,Big Horn,82,0,5,4,73,315,58,159,98,1
MONTANA,MT,Blaine,5,0,2,0,3,11,2,7,2,0
MONTANA,MT,Broadwater,21,0,0,0,21,29,13,12,4,0
MONTANA,MT,Butte-Silver Bow,121,2,8,16,95,"1,569",214,"1,158",197,10
MONTANA,MT,Carter,0,0,0,0,0,0,0,0,0,0
MONTANA,MT,Chouteau,4,0,0,0,4,3,1,1,1,0
MONTANA,MT,Custer,15,0,4,0,11,14,2,10,2,0
MONTANA,MT,Dawson,8,0,1,0,7,26,7,16,3,0
MONTANA,MT,Deer Lodge,24,0,0,0,24,188,45,120,23,0
MONTANA,MT,Fallon,1,0,1,0,0,0,0,0,0,0
MONTANA,MT,Fergus,2,0,0,0,2,9,3,6,0,0
MONTANA,MT,Flathead,216,1,32,4,179,652,115,437,100,5
MONTANA,MT,Gallatin,137,0,35,1,101,369,24,303,42,2
MONTANA,MT,Garfield,4,0,1,0,3,2,0,2,0,0
MONTANA,MT,Glacier,2,0,1,0,1,26,0,17,9,0
MONTANA,MT,Golden Valley,2,0,1,0,1,5,0,4,1,0
MONTANA,MT,Granite,5,0,1,0,4,31,5,24,2,2
MONTANA,MT,Hill,22,0,4,1,17,149,9,126,14,0
MONTANA,MT,Jefferson,30,0,1,0,29,115,30,66,19,0
MONTANA,MT,Judith Basin,0,0,0,0,0,0,0,0,0,0
MONTANA,MT,Lake,136,1,20,2,113,295,50,194,51,1
MONTANA,MT,Lewis and Clark,120,0,27,4,89,324,119,166,39,7
MONTANA,MT,Liberty,0,0,0,0,0,3,0,2,1,0
MONTANA,MT,Lincoln,24,0,1,0,23,51,6,41,4,1
MONTANA,MT,Madison,14,0,3,0,11,23,2,20,1,0
MONTANA,MT,McCone,2,0,1,0,1,1,0,1,0,0
MONTANA,MT,Meagher,4,0,0,0,4,12,1,9,2,0
MONTANA,MT,Mineral,18,0,0,1,17,35,9,22,4,0
MONTANA,MT,Musselshell,13,0,0,0,13,45,2,39,4,4
MONTANA,MT,Park,22,0,4,0,18,59,11,40,8,1
MONTANA,MT,Petroleum,2,1,0,0,1,0,0,0,0,0
MONTANA,MT,Phillips,23,0,2,0,21,37,11,20,6,0
MONTANA,MT,Pondera,5,0,1,0,4,24,0,18,6,0
MONTANA,MT,Powder River,2,0,0,0,2,0,0,0,0,0
MONTANA,MT,Powell,15,0,5,0,10,17,6,9,2,0
MONTANA,MT,Prairie,7,0,0,0,7,1,0,0,1,0
MONTANA,MT,Richland,5,0,2,0,3,20,3,10,7,0
MONTANA,MT,Roosevelt,22,2,1,0,19,29,7,10,12,1
MONTANA,MT,Rosebud,8,0,3,0,5,3,0,2,1,0
MONTANA,MT,Sanders,13,0,3,0,10,42,3,31,8,1
MONTANA,MT,Sheridan,21,0,3,0,18,43,7,33,3,2
MONTANA,MT,Sweet Grass,13,0,0,0,13,33,1,28,4,1
MONTANA,MT,Teton,23,1,4,0,18,78,7,59,12,1
MONTANA,MT,Toole,10,0,6,0,4,77,12,58,7,0
MONTANA,MT,Valley,1,0,0,0,1,4,1,3,0,0
MONTANA,MT,Wheatland,2,0,0,0,2,2,0,2,0,0
MONTANA,MT,Wibaux,0,0,0,0,0,0,0,0,0,0
NEBRASKA,NE,Cass,12,0,3,0,9,154,17,110,27,0
NEBRASKA,NE,Dixon,2,0,0,0,2,28,8,20,0,0
NEBRASKA,NE,Douglas,92,0,28,6,58,675,144,459,72,4
NEBRASKA,NE,Hall,24,1,5,3,15,103,24,71,8,1
NEBRASKA,NE,Lancaster,17,0,10,2,5,233,58,152,23,4
NEBRASKA,NE,Merrick,1,0,0,0,1,6,0,4,2,0
NEBRASKA,NE,Sarpy,37,0,15,3,19,723,52,569,102,1
NEBRASKA,NE,Saunders,3,0,0,0,3,62,10,49,3,0
NEBRASKA,NE,Seward,8,0,1,0,7,21,4,13,4,1
NEBRASKA,NE,Washington,3,0,1,0,2,68,10,48,10,0
NEBRASKA,NE,Adams,5,0,1,0,4,48,9,37,2,1
NEBRASKA,NE,Boyd,0,0,0,0,0,6,4,2,0,0
NEBRASKA,NE,Brown,0,0,0,0,0,6,2,1,3,0
NEBRASKA,NE,Buffalo,14,0,7,1,6,93,8,75,10,1
NEBRASKA,NE,Butler,8,0,6,0,2,13,2,8,3,0
NEBRASKA,NE,Cedar,6,0,1,0,5,48,7,33,8,0
NEBRASKA,NE,Cherry,1,1,0,0,0,4,2,2,0,0
NEBRASKA,NE,Cheyenne,25,0,1,0,24,8,2,5,1,0
NEBRASKA,NE,Custer,4,0,0,0,4,22,4,15,3,0
NEBRASKA,NE,Dawson,6,0,0,1,5,35,11,19,5,0
NEBRASKA,NE,Dodge,6,0,2,0,4,100,16,74,10,0
NEBRASKA,NE,Dundy,1,0,1,0,0,13,6,6,1,0
NEBRASKA,NE,Fillmore,2,0,0,0,2,11,1,8,2,1
NEBRASKA,NE,Furnas,4,0,3,0,1,40,10,28,2,0
NEBRASKA,NE,Gage,18,0,4,0,14,42,4,32,6,2
NEBRASKA,NE,Grant,0,0,0,0,0,0,0,0,0,0
NEBRASKA,NE,Hamilton,2,0,0,0,2,17,5,9,3,0
NEBRASKA,NE,Harlan,0,0,0,0,0,0,0,0,0,0
NEBRASKA,NE,Hayes,0,0,0,0,0,5,0,5,0,0
NEBRASKA,NE,Hitchcock,1,0,1,0,0,16,5,8,3,0
NEBRASKA,NE,Jefferson,5,1,0,0,4,115,16,90,9,1
NEBRASKA,NE,Johnson,6,0,0,0,6,19,8,10,1,0
NEBRASKA,NE,Kearney,6,0,5,0,1,14,2,11,1,0
NEBRASKA,NE,Keith,2,0,0,0,2,4,2,2,0,0
NEBRASKA,NE,Lincoln,8,0,2,0,6,64,11,45,8,0
NEBRASKA,NE,Madison,5,0,1,1,3,25,6,15,4,1
NEBRASKA,NE,McPherson,0,0,0,0,0,0,0,0,0,0
NEBRASKA,NE,Morrill,1,0,0,0,1,18,1,17,0,1
NEBRASKA,NE,Nemaha,9,0,4,0,5,22,7,9,6,0
NEBRASKA,NE,Otoe,5,0,2,0,3,39,9,21,9,0
NEBRASKA,NE,Perkins,0,0,0,0,0,13,4,8,1,0
NEBRASKA,NE,Phelps,3,0,2,0,1,8,2,5,1,0
NEBRASKA,NE,Platte,6,0,3,0,3,64,9,50,5,0
NEBRASKA,NE,Polk,1,0,0,0,1,16,1,13,2,0
NEBRASKA,NE,Richardson,1,0,0,0,1,24,2,18,4,0
NEBRASKA,NE,Rock,0,0,0,0,0,0,0,0,0,0
NEBRASKA,NE,Scotts Bluff,8,0,3,1,4,66,9,52,5,1
NEBRASKA,NE,Stanton,0,0,0,0,0,2,1,1,0,0
NEBRASKA,NE,Valley,1,0,0,0,1,3,3,0,0,0
NEBRASKA,NE,Wayne,2,0,0,0,2,16,4,12,0,0
NEBRASKA,NE,Webster,0,0,0,0,0,3,0,1,2,0
NEVADA,NV,Carson City,210,1,55,12,142,631,105,440,86,7
NEVADA,NV,Washoe,337,1,52,16,268,772,178,489,105,11
NEVADA,NV,Churchill,27,0,6,0,21,260,183,68,9,1
NEVADA,NV,Douglas,68,2,27,4,35,559,60,463,36,5
NEVADA,NV,Elko,58,1,13,0,44,213,58,114,41,3
NEVADA,NV,Humboldt,22,1,7,1,13,138,60,52,26,2
NEVADA,NV,Lander,18,0,3,0,15,78,31,38,9,1
NEVADA,NV,Lyon,159,0,30,9,120,546,110,356,80,10
NEVADA,NV,Nye,174,3,24,10,137,760,232,427,101,10
NEW HAMPSHIRE,NH,Strafford,2,0,1,0,1,0,0,0,0,0
NEW HAMPSHIRE,NH,Belknap,5,0,3,0,2,11,0,11,0,0
NEW HAMPSHIRE,NH,Carroll,3,0,2,0,1,41,4,34,3,0
NEW HAMPSHIRE,NH,Cheshire,4,0,3,0,1,10,1,8,1,0
NEW HAMPSHIRE,NH,Grafton,4,0,3,0,1,2,0,2,0,0
NEW HAMPSHIRE,NH,Merrimack,0,0,0,0,0,1,0,1,0,0
NEW HAMPSHIRE,NH,Sullivan,1,0,1,0,0,9,1,6,2,0
NEW JERSEY,NJ,Atlantic,0,0,0,0,0,0,0,0,0,0
NEW MEXICO,NM,Bernalillo,753,10,57,87,599,"1,974",435,"1,017",522,9
NEW MEXICO,NM,Dona Ana,318,2,53,11,252,854,248,462,144,9
NEW MEXICO,NM,Valencia,213,0,15,9,189,677,264,284,129,8
NEW MEXICO,NM,McKinley,58,1,4,10,43,162,45,89,28,6
NEW MEXICO,NM,Socorro,22,0,2,1,19,71,25,30,16,0
NEW YORK,NY,Broome,40,0,12,3,25,477,58,394,25,2
NEW YORK,NY,Dutchess,28,1,9,0,18,332,28,275,29,2
NEW YORK,NY,Jefferson,12,0,2,1,9,183,24,154,5,1
NEW YORK,NY,Livingston,12,0,1,0,11,252,44,192,16,2
NEW YORK,NY,Monroe,141,1,15,34,91,"1,862",174,"1,517",171,2
NEW YORK,NY,Niagara,44,1,3,2,38,516,57,407,52,2
NEW YORK,NY,Oneida,41,0,36,2,3,214,44,154,16,6
NEW YORK,NY,Oswego,28,0,12,2,14,259,121,122,16,0
NEW YORK,NY,Saratoga,73,0,27,10,36,"1,011",100,893,18,1
NEW YORK,NY,Ulster,9,0,0,0,9,104,8,92,4,1
NEW YORK,NY,Warren,15,0,8,3,4,458,40,406,12,3
NEW YORK,NY,Cattaraugus,37,0,8,2,27,199,37,142,20,4
NEW YORK,NY,Chautauqua,47,0,15,3,29,295,76,197,22,7
NEW YORK,NY,Genesee,40,1,9,0,30,246,24,203,19,2
NEW YORK,NY,Montgomery,5,0,0,0,5,167,9,152,6,0
NEW YORK,NY,Seneca,6,1,0,1,4,397,317,75,5,0
NEW YORK,NY,St. Lawrence,7,1,1,0,5,22,2,18,2,0
NORTH CAROLINA ,NC,Alamance,192,10,13,7,162,654,160,398,96,7
NORTH CAROLINA ,NC,Alexander,79,1,6,2,70,388,137,205,46,3
NORTH CAROLINA ,NC,Buncombe,159,3,19,16,121,"1,666",420,983,263,18
NORTH CAROLINA ,NC,Burke,117,3,23,8,83,751,216,418,117,7
NORTH CAROLINA ,NC,Cabarrus,47,2,8,10,27,566,118,390,58,3
NORTH CAROLINA ,NC,Caldwell,69,3,5,5,56,908,283,505,120,11
NORTH CAROLINA ,NC,Camden,22,0,6,0,16,59,18,31,10,0
NORTH CAROLINA ,NC,Catawba,189,1,47,17,124,"1,052",300,625,127,13
NORTH CAROLINA ,NC,Chatham,94,1,25,6,62,602,194,362,46,4
NORTH CAROLINA ,NC,Craven,94,1,8,3,82,500,167,270,63,2
NORTH CAROLINA ,NC,Currituck,57,0,8,1,48,316,65,237,14,2
NORTH CAROLINA ,NC,Davidson,95,0,4,10,81,"1,261",381,719,161,16
NORTH CAROLINA ,NC,Durham,96,0,3,14,79,533,138,346,49,1
NORTH CAROLINA ,NC,Forsyth,249,6,14,35,194,"1,404",312,986,106,15
NORTH CAROLINA ,NC,Franklin,113,5,19,6,83,600,145,415,40,2
NORTH CAROLINA ,NC,Gaston,13,0,0,0,13,3,1,2,0,0
NORTH CAROLINA ,NC,Gaston County Police Department,192,9,15,16,152,998,248,566,184,11
NORTH CAROLINA ,NC,Granville,59,3,10,2,44,357,149,183,25,6
NORTH CAROLINA ,NC,Guilford,215,5,16,28,166,938,194,655,89,8
NORTH CAROLINA ,NC,Harnett,241,14,17,17,193,"1,422",330,950,142,15
NORTH CAROLINA ,NC,Haywood,97,1,21,3,72,917,346,485,86,5
NORTH CAROLINA ,NC,Henderson,112,3,22,8,79,"1,227",476,639,112,10
NORTH CAROLINA ,NC,Iredell,133,5,6,4,118,735,234,428,73,5
NORTH CAROLINA ,NC,Johnston,133,2,25,10,96,"1,485",280,"1,047",158,5
NORTH CAROLINA ,NC,Lincoln,91,2,12,5,72,877,151,625,101,7
NORTH CAROLINA ,NC,Madison,23,2,4,2,15,219,128,71,20,4
NORTH CAROLINA ,NC,New Hanover,139,6,19,16,98,"1,139",163,922,54,9
NORTH CAROLINA ,NC,Orange,86,1,6,5,74,471,111,324,36,1
NORTH CAROLINA ,NC,Pamlico,39,0,2,1,36,226,61,147,18,0
NORTH CAROLINA ,NC,Person,36,4,9,3,20,419,226,170,23,2
NORTH CAROLINA ,NC,Pitt,153,4,9,21,119,697,224,431,42,5
NORTH CAROLINA ,NC,Rockingham,49,6,18,3,22,584,146,375,63,5
NORTH CAROLINA ,NC,Rowan,162,6,10,11,135,947,230,596,121,4
NORTH CAROLINA ,NC,Union,198,2,41,10,145,"1,423",295,"1,027",101,10
NORTH CAROLINA ,NC,Wake,224,7,14,17,186,"1,344",236,906,202,18
NORTH CAROLINA ,NC,Wayne,201,6,12,14,169,"1,073",317,570,186,8
NORTH CAROLINA ,NC,Yadkin,43,6,8,1,28,357,96,212,49,1
NORTH CAROLINA ,NC,Ashe,41,1,10,1,29,147,55,73,19,0
NORTH CAROLINA ,NC,Avery,14,2,3,0,9,108,15,72,21,1
NORTH CAROLINA ,NC,Bertie,36,3,7,0,26,200,69,115,16,4
NORTH CAROLINA ,NC,Bladen,108,6,12,8,82,425,132,248,45,5
NORTH CAROLINA ,NC,Carteret,89,1,20,3,65,516,147,330,39,0
NORTH CAROLINA ,NC,Caswell,12,0,6,0,6,60,10,45,5,0
NORTH CAROLINA ,NC,Cherokee,92,0,7,6,79,755,175,524,56,10
NORTH CAROLINA ,NC,Chowan,7,0,3,1,3,65,23,35,7,1
NORTH CAROLINA ,NC,Cleveland,180,1,34,17,128,637,175,365,97,3
NORTH CAROLINA ,NC,Dare,17,2,2,1,12,172,40,130,2,0
NORTH CAROLINA ,NC,Duplin,72,4,17,8,43,886,435,361,90,6
NORTH CAROLINA ,NC,Greene,54,7,20,6,21,242,99,118,25,2
NORTH CAROLINA ,NC,Halifax,86,6,15,9,56,371,130,206,35,6
NORTH CAROLINA ,NC,Hertford,24,8,4,1,11,211,131,70,10,1
NORTH CAROLINA ,NC,Macon,29,2,8,1,18,457,124,293,40,6
NORTH CAROLINA ,NC,Martin,41,1,8,4,28,197,64,111,22,1
NORTH CAROLINA ,NC,McDowell,51,1,13,2,35,733,306,344,83,4
NORTH CAROLINA ,NC,Montgomery,52,4,6,6,36,226,63,134,29,5
NORTH CAROLINA ,NC,Moore,62,6,12,1,43,522,119,379,24,5
NORTH CAROLINA ,NC,Pasquotank,106,1,16,1,88,199,81,98,20,3
NORTH CAROLINA ,NC,Polk,13,1,4,0,8,177,63,90,24,1
NORTH CAROLINA ,NC,Richmond,228,4,12,14,198,"1,083",352,583,148,21
NORTH CAROLINA ,NC,Robeson,"1,041",22,18,76,925,"2,331",824,"1,209",298,68
NORTH CAROLINA ,NC,Rutherford,76,6,16,8,46,471,185,223,63,6
NORTH CAROLINA ,NC,Sampson,153,3,27,14,109,788,306,395,87,9
NORTH CAROLINA ,NC,Scotland,68,3,6,3,56,274,111,131,32,7
NORTH CAROLINA ,NC,Surry,66,2,28,7,29,577,106,356,115,9
NORTH CAROLINA ,NC,Swain,23,0,6,0,17,289,147,122,20,4
NORTH CAROLINA ,NC,Transylvania,35,0,3,3,29,173,72,83,18,4
NORTH CAROLINA ,NC,Tyrrell,6,0,1,1,4,24,14,8,2,0
NORTH CAROLINA ,NC,Vance,124,9,8,6,101,511,197,274,40,9
NORTH CAROLINA ,NC,Warren,34,2,4,0,28,315,98,182,35,3
NORTH CAROLINA ,NC,Watauga,35,6,7,1,21,218,77,132,9,3
NORTH CAROLINA ,NC,Wilkes,99,7,17,3,72,650,260,315,75,6
NORTH CAROLINA ,NC,Wilson,45,6,2,5,32,270,44,188,38,7
NORTH CAROLINA ,NC,Yancey,12,1,1,0,10,70,34,31,5,1
NORTH DAKOTA,ND,Burleigh,27,0,2,0,25,120,24,81,15,1
NORTH DAKOTA,ND,Cass,18,0,4,2,12,153,52,84,17,0
NORTH DAKOTA,ND,Grand Forks,20,0,1,0,19,56,17,25,14,0
NORTH DAKOTA,ND,Morton,7,0,3,0,4,72,9,50,13,0
NORTH DAKOTA,ND,Oliver,0,0,0,0,0,6,2,4,0,0
NORTH DAKOTA,ND,Adams,2,0,0,0,2,11,4,6,1,0
NORTH DAKOTA,ND,Barnes,4,0,1,0,3,18,10,5,3,0
NORTH DAKOTA,ND,Benson,2,0,0,0,2,6,1,2,3,0
NORTH DAKOTA,ND,Billings,0,0,0,0,0,3,2,0,1,0
NORTH DAKOTA,ND,Bottineau,1,0,0,0,1,52,11,32,9,2
NORTH DAKOTA,ND,Bowman,1,0,0,0,1,0,0,0,0,0
NORTH DAKOTA,ND,Burke,1,0,1,0,0,5,2,2,1,0
NORTH DAKOTA,ND,Cavalier,3,0,1,0,2,5,1,2,2,0
NORTH DAKOTA,ND,Divide,0,0,0,0,0,12,0,12,0,0
NORTH DAKOTA,ND,Dunn,4,1,0,0,3,19,2,11,6,0
NORTH DAKOTA,ND,Eddy,4,0,1,1,2,15,5,8,2,0
NORTH DAKOTA,ND,Emmons,3,0,1,0,2,34,8,19,7,0
NORTH DAKOTA,ND,Golden Valley,0,0,0,0,0,10,1,9,0,0
NORTH DAKOTA,ND,Grant,2,0,2,0,0,11,3,3,5,0
NORTH DAKOTA,ND,Griggs,1,0,0,0,1,13,2,9,2,1
NORTH DAKOTA,ND,Hettinger,3,0,2,0,1,5,1,3,1,0
NORTH DAKOTA,ND,Kidder,0,0,0,0,0,7,2,5,0,0
NORTH DAKOTA,ND,Lamoure,1,0,0,0,1,9,0,8,1,0
NORTH DAKOTA,ND,McHenry,8,0,2,0,6,28,7,12,9,0
NORTH DAKOTA,ND,McIntosh,1,0,1,0,0,10,1,7,2,0
NORTH DAKOTA,ND,McKenzie,15,0,3,1,11,90,10,62,18,3
NORTH DAKOTA,ND,McLean,8,0,1,0,7,75,10,54,11,0
NORTH DAKOTA,ND,Mercer,5,0,1,0,4,34,6,20,8,0
NORTH DAKOTA,ND,Mountrail,1,0,0,0,1,61,6,49,6,0
NORTH DAKOTA,ND,Nelson,1,0,1,0,0,25,4,18,3,0
NORTH DAKOTA,ND,Pembina,7,0,3,0,4,27,9,10,8,0
NORTH DAKOTA,ND,Pierce,0,0,0,0,0,14,3,10,1,0
NORTH DAKOTA,ND,Ramsey,4,0,0,0,4,37,6,19,12,1
NORTH DAKOTA,ND,Ransom,2,0,0,0,2,20,3,14,3,0
NORTH DAKOTA,ND,Renville,3,0,1,0,2,17,2,12,3,0
NORTH DAKOTA,ND,Richland,4,0,0,1,3,73,12,50,11,1
NORTH DAKOTA,ND,Rolette,4,0,1,0,3,17,5,5,7,0
NORTH DAKOTA,ND,Sargent,4,0,1,0,3,6,1,3,2,1
NORTH DAKOTA,ND,Sheridan,0,0,0,0,0,10,0,10,0,0
NORTH DAKOTA,ND,Sioux,0,0,0,0,0,0,0,0,0,0
NORTH DAKOTA,ND,Slope,0,0,0,0,0,0,0,0,0,0
NORTH DAKOTA,ND,Stark,2,0,0,1,1,53,6,39,8,0
NORTH DAKOTA,ND,Steele,1,0,0,0,1,1,1,0,0,1
NORTH DAKOTA,ND,Stutsman,4,0,2,0,2,44,12,27,5,2
NORTH DAKOTA,ND,Towner,3,0,1,0,2,19,3,10,6,0
NORTH DAKOTA,ND,Traill,5,0,1,0,4,56,9,36,11,0
NORTH DAKOTA,ND,Walsh,3,0,2,0,1,52,10,34,8,1
NORTH DAKOTA,ND,Ward,24,0,4,0,20,178,52,99,27,4
NORTH DAKOTA,ND,Williams,11,0,2,1,8,123,27,61,35,0
OHIO,OH,Allen,111,1,34,13,63,496,112,345,39,4
OHIO,OH,Belmont,44,2,5,0,37,78,13,63,2,1
OHIO,OH,Clark,28,0,5,6,17,627,106,488,33,2
OHIO,OH,Clermont,85,0,25,3,57,763,160,540,63,0
OHIO,OH,Fairfield,69,0,24,5,40,978,82,822,74,4
OHIO,OH,Franklin,56,3,20,12,21,335,41,256,38,1
OHIO,OH,Fulton,18,0,4,0,14,180,33,145,2,1
OHIO,OH,Greene,30,0,6,2,22,277,67,188,22,0
OHIO,OH,Hamilton,172,6,49,26,91,"1,418",131,"1,163",124,8
OHIO,OH,Hocking,38,1,6,3,28,219,60,141,18,1
OHIO,OH,Lorain,51,1,12,5,33,373,135,229,9,4
OHIO,OH,Lucas,85,0,13,9,63,739,82,550,107,1
OHIO,OH,Madison,32,1,9,4,18,173,29,138,6,1
OHIO,OH,Medina,30,5,3,1,21,196,44,137,15,3
OHIO,OH,Miami,38,0,2,1,35,302,57,214,31,3
OHIO,OH,Montgomery,248,4,41,37,166,971,169,569,233,14
OHIO,OH,Perry,0,0,0,0,0,28,20,7,1,0
OHIO,OH,Pickaway,30,0,9,0,21,441,67,344,30,3
OHIO,OH,Richland,90,2,40,8,40,499,63,409,27,1
OHIO,OH,Stark,103,1,20,8,74,"1,367",286,936,145,6
OHIO,OH,Summit,91,1,34,3,53,"1,017",119,826,72,0
OHIO,OH,Trumbull,21,0,1,0,20,156,34,96,26,1
OHIO,OH,Union,24,0,12,0,12,211,20,184,7,1
OHIO,OH,Warren,35,0,3,7,25,726,70,585,71,4
OHIO,OH,Wood,24,0,6,1,17,244,34,196,14,0
OHIO,OH,Adams,3,0,0,0,3,67,36,26,5,1
OHIO,OH,Ashtabula,50,0,8,3,39,457,89,349,19,1
OHIO,OH,Athens,25,1,2,3,19,281,68,190,23,1
OHIO,OH,Auglaize,1,0,1,0,0,25,3,21,1,0
OHIO,OH,Champaign,23,0,5,0,18,141,21,104,16,1
OHIO,OH,Clinton,16,0,4,0,12,68,21,31,16,0
OHIO,OH,Columbiana,39,1,11,0,27,163,42,95,26,0
OHIO,OH,Coshocton,72,4,19,3,46,399,55,323,21,1
OHIO,OH,Crawford,8,0,3,0,5,67,23,40,4,0
OHIO,OH,Defiance,9,0,4,1,4,139,26,110,3,2
OHIO,OH,Erie,5,0,0,1,4,96,12,82,2,0
OHIO,OH,Fayette,34,0,3,4,27,205,38,146,21,0
OHIO,OH,Gallia,17,0,9,0,8,110,47,55,8,2
OHIO,OH,Hancock,25,3,12,2,8,197,35,152,10,2
OHIO,OH,Harrison,10,0,4,0,6,79,28,44,7,2
OHIO,OH,Henry,9,0,4,0,5,136,26,99,11,1
OHIO,OH,Highland,26,0,10,0,16,332,95,202,35,3
OHIO,OH,Jackson,47,2,20,0,25,185,59,112,14,0
OHIO,OH,Knox,28,0,6,2,20,285,64,207,14,0
OHIO,OH,Logan,15,0,2,1,12,188,42,133,13,0
OHIO,OH,Meigs,18,0,2,0,16,168,60,77,31,1
OHIO,OH,Monroe,5,0,0,0,5,14,6,7,1,1
OHIO,OH,Morgan,21,2,2,0,17,91,31,53,7,1
OHIO,OH,Pike,43,1,4,4,34,227,73,118,36,6
OHIO,OH,Preble,17,0,7,0,10,136,19,100,17,2
OHIO,OH,Ross,109,1,37,5,66,941,190,650,101,15
OHIO,OH,Scioto,32,1,5,1,25,245,100,112,33,2
OHIO,OH,Seneca,8,0,5,0,3,142,11,126,5,0
OHIO,OH,Shelby,15,1,9,1,4,101,20,75,6,0
OHIO,OH,Tuscarawas,36,1,9,2,24,278,76,163,39,2
OHIO,OH,Van Wert,20,2,5,0,13,60,22,37,1,0
OHIO,OH,Washington,16,3,7,0,6,142,41,92,9,6
OHIO,OH,Wayne,43,1,15,5,22,628,232,335,61,1
OKLAHOMA,OK,Canadian,20,0,3,0,17,168,40,94,34,1
OKLAHOMA,OK,Cleveland,40,0,12,2,26,204,68,109,27,1
OKLAHOMA,OK,Comanche,19,1,3,0,15,118,42,62,14,1
OKLAHOMA,OK,Cotton,6,0,1,0,5,29,6,16,7,3
OKLAHOMA,OK,Creek,48,1,2,1,44,362,102,158,102,4
OKLAHOMA,OK,Garfield,16,0,1,0,15,92,25,49,18,3
OKLAHOMA,OK,Grady,40,0,7,0,33,265,84,138,43,7
OKLAHOMA,OK,Lincoln,57,3,8,1,45,289,104,151,34,11
OKLAHOMA,OK,Logan,33,3,4,1,25,354,100,185,69,2
OKLAHOMA,OK,McClain,19,0,4,2,13,192,51,93,48,1
OKLAHOMA,OK,Oklahoma,29,1,3,0,25,144,35,70,39,1
OKLAHOMA,OK,Okmulgee,24,0,2,4,18,182,49,99,34,3
OKLAHOMA,OK,Osage,77,1,14,3,59,438,149,229,60,4
OKLAHOMA,OK,Pawnee,8,0,1,0,7,96,27,35,34,1
OKLAHOMA,OK,Rogers,88,1,30,1,56,404,125,224,55,5
OKLAHOMA,OK,Sequoyah,77,3,19,2,53,254,90,118,46,8
OKLAHOMA,OK,Tulsa,194,7,23,11,153,782,207,415,160,11
OKLAHOMA,OK,Wagoner,65,1,16,1,47,324,91,184,49,12
OKLAHOMA,OK,Adair,24,2,3,2,17,138,46,44,48,3
OKLAHOMA,OK,Alfalfa,4,0,1,0,3,56,1,47,8,1
OKLAHOMA,OK,Atoka,19,0,0,0,19,75,20,41,14,0
OKLAHOMA,OK,Beaver,2,0,0,0,2,16,7,7,2,0
OKLAHOMA,OK,Beckham,14,0,8,0,6,66,27,26,13,2
OKLAHOMA,OK,Blaine,12,0,1,0,11,72,14,48,10,1
OKLAHOMA,OK,Bryan,24,0,1,1,22,269,78,133,58,2
OKLAHOMA,OK,Caddo,28,0,5,0,23,149,58,73,18,3
OKLAHOMA,OK,Carter,17,0,4,0,13,140,56,68,16,3
OKLAHOMA,OK,Cherokee,76,1,18,3,54,431,127,206,98,8
OKLAHOMA,OK,Choctaw,30,1,3,1,25,141,45,58,38,8
OKLAHOMA,OK,Cimarron,0,0,0,0,0,10,4,4,2,0
OKLAHOMA,OK,Coal,2,0,1,0,1,13,5,5,3,0
OKLAHOMA,OK,Craig,24,1,2,2,19,143,63,60,20,7
OKLAHOMA,OK,Custer,13,1,1,1,10,84,22,49,13,1
OKLAHOMA,OK,Delaware,81,2,11,0,68,385,124,179,82,9
OKLAHOMA,OK,Dewey,6,2,1,0,3,50,12,28,10,1
OKLAHOMA,OK,Ellis,3,0,0,0,3,48,8,31,9,1
OKLAHOMA,OK,Garvin,49,0,1,1,47,206,46,129,31,5
OKLAHOMA,OK,Grant,2,0,1,0,1,27,5,18,4,3
OKLAHOMA,OK,Greer,0,0,0,0,0,4,0,3,1,0
OKLAHOMA,OK,Harmon,2,0,1,0,1,3,1,1,1,0
OKLAHOMA,OK,Harper,3,0,1,0,2,21,5,15,1,0
OKLAHOMA,OK,Haskell,8,0,2,0,6,58,18,31,9,0
OKLAHOMA,OK,Hughes,5,0,0,0,5,104,22,74,8,1
OKLAHOMA,OK,Jackson,3,0,1,0,2,31,10,18,3,1
OKLAHOMA,OK,Jefferson,4,0,0,0,4,18,5,8,5,0
OKLAHOMA,OK,Johnston,14,0,0,1,13,58,32,17,9,1
OKLAHOMA,OK,Kay,29,0,10,1,18,120,37,64,19,4
OKLAHOMA,OK,Kingfisher,7,0,1,0,6,83,9,67,7,3
OKLAHOMA,OK,Kiowa,6,0,0,0,6,17,3,14,0,0
OKLAHOMA,OK,Latimer,15,1,0,0,14,78,22,44,12,1
OKLAHOMA,OK,Le Flore,28,1,4,0,23,202,73,92,37,4
OKLAHOMA,OK,Love,16,0,2,1,13,95,25,48,22,1
OKLAHOMA,OK,Major,9,0,3,0,6,61,16,35,10,5
OKLAHOMA,OK,Marshall,19,1,4,0,14,163,45,80,38,2
OKLAHOMA,OK,Mayes,46,1,10,7,28,465,140,223,102,11
OKLAHOMA,OK,McCurtain,39,1,0,1,37,273,88,146,39,14
OKLAHOMA,OK,McIntosh,33,0,2,0,31,200,53,93,54,7
OKLAHOMA,OK,Murray,3,0,0,0,3,38,9,27,2,0
OKLAHOMA,OK,Muskogee,48,1,5,1,41,179,52,88,39,1
OKLAHOMA,OK,Noble,15,0,6,0,9,67,16,45,6,1
OKLAHOMA,OK,Nowata,12,0,0,0,12,57,15,33,9,3
OKLAHOMA,OK,Okfuskee,10,1,1,0,8,85,25,47,13,1
OKLAHOMA,OK,Ottawa,28,0,1,5,22,238,52,145,41,14
OKLAHOMA,OK,Payne,29,0,5,1,23,269,65,158,46,5
OKLAHOMA,OK,Pittsburg,51,0,9,0,42,334,139,144,51,6
OKLAHOMA,OK,Pottawatomie,52,2,15,0,35,426,102,243,81,7
OKLAHOMA,OK,Pushmataha,13,0,0,0,13,82,28,37,17,4
OKLAHOMA,OK,Roger Mills,3,0,2,0,1,25,5,19,1,1
OKLAHOMA,OK,Seminole,18,0,0,0,18,273,81,156,36,6
OKLAHOMA,OK,Stephens,33,1,6,3,23,131,34,80,17,1
OKLAHOMA,OK,Texas,8,0,2,0,6,56,21,24,11,3
OKLAHOMA,OK,Tillman,8,0,0,0,8,42,20,19,3,1
OKLAHOMA,OK,Washington,17,1,1,0,15,101,28,56,17,1
OKLAHOMA,OK,Washita,7,0,0,0,7,35,12,15,8,1
OKLAHOMA,OK,Woods,5,0,2,0,3,30,13,17,0,0
OKLAHOMA,OK,Woodward,10,0,2,0,8,106,59,41,6,1
OREGON,OR,Benton,20,0,4,2,14,256,50,187,19,4
OREGON,OR,Clackamas,469,4,52,103,310,"5,071",586,"3,573",912,30
OREGON,OR,Columbia,52,1,9,2,40,109,17,60,32,6
OREGON,OR,Deschutes,88,0,15,4,69,642,114,438,90,16
OREGON,OR,Jackson,112,5,32,5,70,571,146,323,102,3
OREGON,OR,Josephine,101,4,11,7,79,325,44,156,125,10
OREGON,OR,Linn,65,1,18,3,43,883,159,611,113,11
OREGON,OR,Multnomah,245,0,25,57,163,"1,713",156,"1,177",380,17
OREGON,OR,Polk,67,2,5,4,56,292,62,208,22,7
OREGON,OR,Washington,568,4,122,51,391,"2,776",320,"2,034",422,40
OREGON,OR,Yamhill,78,2,12,7,57,544,212,281,51,8
OREGON,OR,Clatsop,34,0,7,2,25,156,42,103,11,3
OREGON,OR,Crook,27,0,3,1,23,101,29,63,9,0
OREGON,OR,Douglas,160,0,13,11,136,790,174,419,197,10
OREGON,OR,Gilliam,8,0,3,0,5,42,9,25,8,2
OREGON,OR,Hood River,17,0,3,1,13,129,22,90,17,1
OREGON,OR,Jefferson,12,0,1,1,10,148,31,90,27,2
OREGON,OR,Klamath,129,4,26,5,94,656,159,334,163,8
OREGON,OR,Lake,32,0,7,1,24,123,39,62,22,1
OREGON,OR,Lincoln,53,1,7,2,43,292,69,186,37,6
OREGON,OR,Malheur,35,1,4,6,24,167,41,94,32,3
OREGON,OR,Morrow,19,1,3,0,15,104,24,65,15,0
OREGON,OR,Sherman,2,0,0,0,2,69,1,60,8,3
OREGON,OR,Tillamook,24,1,1,2,20,236,54,156,26,3
OREGON,OR,Umatilla,53,0,16,1,36,344,101,180,63,17
OREGON,OR,Union,20,0,1,0,19,144,32,100,12,0
OREGON,OR,Wasco,18,0,2,0,16,158,24,99,35,0
PENNSYLVANIA1,PA,,,,,,,,,,,
SOUTH CAROLINA,SC,Anderson,744,15,67,47,615,"4,079",648,"2,845",586,28
SOUTH CAROLINA,SC,Beaufort,479,8,36,36,399,"2,234",410,"1,624",200,4
SOUTH CAROLINA,SC,Berkeley,439,11,38,31,359,"1,985",350,"1,374",261,20
SOUTH CAROLINA,SC,Calhoun,51,0,7,2,42,194,36,121,37,0
SOUTH CAROLINA,SC,Charleston,249,14,10,25,200,"1,435",241,971,223,8
SOUTH CAROLINA,SC,Chester,101,2,14,7,78,301,56,210,35,4
SOUTH CAROLINA,SC,Clarendon,174,4,15,7,148,593,172,364,57,5
SOUTH CAROLINA,SC,Darlington,467,16,22,28,401,"1,604",434,909,261,23
SOUTH CAROLINA,SC,Dorchester,270,6,10,21,233,"1,501",203,"1,071",227,6
SOUTH CAROLINA,SC,Fairfield,107,6,3,7,91,314,58,197,59,7
SOUTH CAROLINA,SC,Florence,550,13,62,44,431,"2,216",358,"1,575",283,9
SOUTH CAROLINA,SC,Greenville,"1,595",20,154,211,"1,210","7,411","1,261","5,139","1,011",45
SOUTH CAROLINA,SC,Horry,6,0,1,0,5,2,0,2,0,0
SOUTH CAROLINA,SC,Horry County Police Department,851,14,130,59,648,"5,072",665,"3,772",635,27
SOUTH CAROLINA,SC,Jasper,80,3,9,12,56,380,56,263,61,6
SOUTH CAROLINA,SC,Kershaw,196,2,25,7,162,930,156,692,82,5
SOUTH CAROLINA,SC,Lancaster,368,4,63,14,287,"1,329",233,985,111,12
SOUTH CAROLINA,SC,Laurens,243,5,14,15,209,"1,016",225,640,151,9
SOUTH CAROLINA,SC,Lexington,649,11,70,66,502,"5,133","1,029","3,457",647,21
SOUTH CAROLINA,SC,Pickens,188,2,20,13,153,"1,095",273,656,166,12
SOUTH CAROLINA,SC,Richland,"2,124",33,94,201,"1,796","7,599",958,"5,592","1,049",43
SOUTH CAROLINA,SC,Saluda,22,1,6,2,13,137,34,85,18,1
SOUTH CAROLINA,SC,Spartanburg,"1,100",7,125,57,911,"4,478","1,093","2,841",544,36
SOUTH CAROLINA,SC,Sumter,422,6,18,23,375,"1,383",287,923,173,10
SOUTH CAROLINA,SC,York,399,11,42,28,318,"2,314",346,"1,784",184,21
SOUTH CAROLINA,SC,Abbeville,60,0,4,0,56,233,65,148,20,6
SOUTH CAROLINA,SC,Bamberg,6,1,2,1,2,132,33,87,12,0
SOUTH CAROLINA,SC,Barnwell,84,3,8,4,69,251,69,139,43,0
SOUTH CAROLINA,SC,Cherokee,126,0,15,8,103,888,290,461,137,12
SOUTH CAROLINA,SC,Colleton,194,10,9,11,164,719,164,455,100,8
SOUTH CAROLINA,SC,Dillon,246,6,12,11,217,576,186,333,57,9
SOUTH CAROLINA,SC,Georgetown,154,8,19,5,122,707,128,487,92,9
SOUTH CAROLINA,SC,Greenwood,197,10,32,13,142,683,147,490,46,9
SOUTH CAROLINA,SC,Marion,78,6,4,3,65,386,72,277,37,0
SOUTH CAROLINA,SC,Marlboro,117,9,16,6,86,330,83,209,38,2
SOUTH CAROLINA,SC,Newberry,99,4,9,2,84,256,46,185,25,3
SOUTH CAROLINA,SC,Oconee,206,5,37,5,159,"1,484",256,"1,032",196,19
SOUTH CAROLINA,SC,Orangeburg,892,25,8,50,809,"2,369",547,"1,480",342,5
SOUTH CAROLINA,SC,Williamsburg,126,0,10,8,108,417,96,256,65,6
SOUTH DAKOTA,SD,Lincoln,31,0,8,0,23,357,140,193,24,1
SOUTH DAKOTA,SD,McCook,4,0,2,0,2,18,2,13,3,0
SOUTH DAKOTA,SD,Meade,21,0,5,1,15,161,25,119,17,0
SOUTH DAKOTA,SD,Minnehaha,65,0,12,2,51,347,86,206,55,4
SOUTH DAKOTA,SD,Pennington,139,1,60,2,76,372,67,266,39,2
SOUTH DAKOTA,SD,Turner,17,0,5,0,12,39,15,21,3,0
SOUTH DAKOTA,SD,Union,9,0,0,0,9,51,8,42,1,0
SOUTH DAKOTA,SD,Bennett,1,0,1,0,0,1,0,1,0,0
SOUTH DAKOTA,SD,Brookings,11,0,1,0,10,21,5,15,1,0
SOUTH DAKOTA,SD,Butte,3,0,1,0,2,30,3,21,6,0
SOUTH DAKOTA,SD,Charles Mix,10,0,0,1,9,40,10,20,10,3
SOUTH DAKOTA,SD,Clay,0,0,0,0,0,57,23,27,7,0
SOUTH DAKOTA,SD,Codington,8,0,2,0,6,39,7,19,13,0
SOUTH DAKOTA,SD,Corson,7,0,0,1,6,13,6,6,1,0
SOUTH DAKOTA,SD,Custer,15,0,1,0,14,163,19,128,16,0
SOUTH DAKOTA,SD,Day,2,0,1,0,1,35,8,18,9,1
SOUTH DAKOTA,SD,Deuel,9,0,1,0,8,16,2,10,4,0
SOUTH DAKOTA,SD,Hamlin,3,0,1,0,2,24,4,15,5,0
SOUTH DAKOTA,SD,Hughes,4,0,0,0,4,12,2,8,2,1
SOUTH DAKOTA,SD,Jerauld,1,1,0,0,0,6,0,6,0,0
SOUTH DAKOTA,SD,Lake,1,0,0,0,1,10,2,8,0,0
SOUTH DAKOTA,SD,Lawrence,6,0,1,0,5,26,9,17,0,0
SOUTH DAKOTA,SD,Moody,1,0,0,0,1,1,1,0,0,0
SOUTH DAKOTA,SD,Spink,15,0,4,0,11,29,6,20,3,0
SOUTH DAKOTA,SD,Tripp,2,0,1,0,1,7,0,6,1,0
SOUTH DAKOTA,SD,Walworth,2,0,0,0,2,1,0,1,0,0
SOUTH DAKOTA,SD,Yankton,11,0,0,0,11,40,11,27,2,0
TENNESSEE,TN,Anderson,99,0,11,3,85,398,97,240,61,13
TENNESSEE,TN,Blount,264,2,40,4,218,760,202,464,94,4
TENNESSEE,TN,Bradley,200,0,10,3,187,684,132,452,100,0
TENNESSEE,TN,Campbell,55,1,9,1,44,207,56,109,42,3
TENNESSEE,TN,Cheatham,72,1,6,3,62,248,35,177,36,0
TENNESSEE,TN,Dickson,123,2,18,3,100,246,70,127,49,1
TENNESSEE,TN,Fayette,42,2,0,2,38,125,28,77,20,2
TENNESSEE,TN,Gibson,52,0,3,2,47,169,29,103,37,1
TENNESSEE,TN,Grainger,23,2,3,0,18,182,33,102,47,0
TENNESSEE,TN,Hamblen,101,0,9,5,87,435,86,257,92,6
TENNESSEE,TN,Hamilton,311,1,34,5,271,"1,104",213,757,134,7
TENNESSEE,TN,Hartsville/Trousdale,31,0,4,1,26,114,24,77,13,1
TENNESSEE,TN,Hawkins,62,1,6,0,55,400,83,249,68,5
TENNESSEE,TN,Jefferson,112,2,16,3,91,383,100,221,62,4
TENNESSEE,TN,Knox,567,7,71,26,463,"2,868",434,"2,038",396,9
TENNESSEE,TN,Loudon,82,1,6,2,73,334,83,202,49,4
TENNESSEE,TN,Macon,70,0,4,0,66,48,25,8,15,6
TENNESSEE,TN,Madison,70,3,3,4,60,202,43,130,29,1
TENNESSEE,TN,Marion,47,0,1,1,45,114,24,59,31,1
TENNESSEE,TN,Maury,139,4,29,1,105,327,51,199,77,4
TENNESSEE,TN,Montgomery,75,0,6,2,67,455,104,286,65,0
TENNESSEE,TN,Morgan,46,1,0,0,45,196,21,138,37,0
TENNESSEE,TN,Polk,35,1,2,0,32,285,56,171,58,2
TENNESSEE,TN,Roane,80,2,8,7,63,246,65,141,40,0
TENNESSEE,TN,Robertson,105,0,4,5,96,223,54,132,37,4
TENNESSEE,TN,Rutherford,241,0,29,4,208,517,84,362,71,5
TENNESSEE,TN,Sequatchie,35,0,0,0,35,102,22,56,24,4
TENNESSEE,TN,Shelby,640,9,28,53,550,"2,390",453,"1,628",309,4
TENNESSEE,TN,Smith,21,0,4,0,17,107,30,67,10,0
TENNESSEE,TN,Stewart,33,1,6,0,26,68,24,35,9,0
TENNESSEE,TN,Sullivan,290,4,51,6,229,889,211,510,168,19
TENNESSEE,TN,Sumner,130,2,12,6,110,332,75,212,45,4
TENNESSEE,TN,Tipton,113,2,10,5,96,337,64,224,49,0
TENNESSEE,TN,Unicoi,32,1,1,0,30,37,6,24,7,0
TENNESSEE,TN,Union,32,1,2,0,29,192,58,108,26,3
TENNESSEE,TN,Washington,129,1,15,1,112,548,144,292,112,5
TENNESSEE,TN,Williamson,137,2,10,0,125,299,44,232,23,4
TENNESSEE,TN,Wilson,66,1,0,6,59,442,99,280,63,0
TENNESSEE,TN,Bedford,69,4,18,0,47,165,37,103,25,0
TENNESSEE,TN,Benton,34,1,7,1,25,141,38,79,24,1
TENNESSEE,TN,Bledsoe,20,1,2,0,17,76,9,48,19,0
TENNESSEE,TN,Carroll,34,0,4,1,29,140,35,77,28,2
TENNESSEE,TN,Claiborne,22,1,3,0,18,67,14,41,12,1
TENNESSEE,TN,Clay,5,0,1,0,4,19,7,10,2,0
TENNESSEE,TN,Cocke,159,2,16,2,139,456,104,239,113,5
TENNESSEE,TN,Coffee,177,4,7,1,165,411,91,254,66,1
TENNESSEE,TN,Cumberland,74,0,0,1,73,438,132,239,67,3
TENNESSEE,TN,Decatur,34,0,2,1,31,117,52,48,17,1
TENNESSEE,TN,DeKalb,13,0,2,0,11,103,29,57,17,3
TENNESSEE,TN,Dyer,52,0,4,1,47,222,47,124,51,1
TENNESSEE,TN,Fentress,36,1,6,1,28,239,48,159,32,3
TENNESSEE,TN,Franklin,63,0,6,1,56,235,39,146,50,3
TENNESSEE,TN,Giles,35,0,1,0,34,83,25,40,18,2
TENNESSEE,TN,Greene,187,3,14,1,169,767,195,427,145,11
TENNESSEE,TN,Grundy,68,0,10,1,57,221,37,136,48,3
TENNESSEE,TN,Hancock,16,0,1,0,15,97,34,59,4,2
TENNESSEE,TN,Hardeman,125,3,3,4,115,148,35,75,38,1
TENNESSEE,TN,Hardin,61,2,8,1,50,337,106,176,55,3
TENNESSEE,TN,Haywood,21,0,2,1,18,119,27,78,14,0
TENNESSEE,TN,Henderson,82,0,15,5,62,216,89,109,18,1
TENNESSEE,TN,Henry,64,0,4,1,59,239,62,134,43,5
TENNESSEE,TN,Hickman,83,2,5,2,74,382,69,240,73,4
TENNESSEE,TN,Houston,13,0,0,0,13,76,10,59,7,1
TENNESSEE,TN,Humphreys,33,0,2,1,30,115,36,59,20,1
TENNESSEE,TN,Johnson,37,0,6,1,30,101,31,51,19,2
TENNESSEE,TN,Lauderdale,62,0,2,1,59,167,57,90,20,3
TENNESSEE,TN,Lawrence,35,0,6,1,28,218,96,92,30,6
TENNESSEE,TN,Lewis,27,0,2,0,25,74,15,45,14,1
TENNESSEE,TN,Lincoln,45,0,7,1,37,231,62,141,28,3
TENNESSEE,TN,Marshall,37,0,4,0,33,91,10,56,25,2
TENNESSEE,TN,McMinn,85,0,7,4,74,427,101,241,85,6
TENNESSEE,TN,McNairy,45,0,2,1,42,168,39,100,29,1
TENNESSEE,TN,Monroe,147,2,22,1,122,628,158,338,132,4
TENNESSEE,TN,Moore,10,0,1,0,9,34,3,28,3,0
TENNESSEE,TN,Obion,39,2,0,2,35,165,51,86,28,1
TENNESSEE,TN,Overton,55,0,5,0,50,186,16,134,36,8
TENNESSEE,TN,Pickett,5,0,0,0,5,23,6,13,4,0
TENNESSEE,TN,Putnam,80,0,13,2,65,333,61,221,51,1
TENNESSEE,TN,Scott,16,1,0,0,15,159,73,62,24,2
TENNESSEE,TN,Sevier,158,0,18,3,137,708,133,445,130,3
TENNESSEE,TN,Warren,119,1,9,3,106,285,62,169,54,4
TENNESSEE,TN,Wayne,27,0,5,0,22,65,15,38,12,1
TENNESSEE,TN,Weakley,23,0,2,0,21,82,31,41,10,1
TENNESSEE,TN,White,69,0,2,1,66,198,25,117,56,6
TEXAS,TX,Atascosa,78,7,0,5,66,466,96,300,70,3
TEXAS,TX,Bandera,33,3,2,1,27,153,41,90,22,0
TEXAS,TX,Bell,71,0,17,3,51,628,153,416,59,5
TEXAS,TX,Bexar,818,10,97,72,639,"5,240",989,"3,559",692,13
TEXAS,TX,Bowie,82,1,18,3,60,336,80,196,60,3
TEXAS,TX,Brazoria,238,3,39,29,167,"1,068",187,742,139,2
TEXAS,TX,Brazos,53,0,19,6,28,305,79,191,35,2
TEXAS,TX,Burleson,28,0,2,2,24,73,27,36,10,0
TEXAS,TX,Caldwell,27,4,3,1,19,91,23,47,21,1
TEXAS,TX,Cameron,297,4,60,15,218,712,177,455,80,3
TEXAS,TX,Chambers,120,2,16,9,93,614,116,413,85,1
TEXAS,TX,Clay,11,0,3,0,8,67,25,28,14,0
TEXAS,TX,Collin,74,1,24,4,45,345,72,224,49,1
TEXAS,TX,Comal,91,0,31,6,54,604,149,351,104,1
TEXAS,TX,Coryell,13,0,6,0,7,69,19,36,14,1
TEXAS,TX,Crosby,4,0,0,0,4,27,14,7,6,0
TEXAS,TX,Dallas,36,0,17,1,18,137,21,57,59,2
TEXAS,TX,Denton,73,0,17,2,54,379,62,276,41,1
TEXAS,TX,Ector,64,3,11,4,46,120,17,47,56,0
TEXAS,TX,Ellis,89,1,27,3,58,410,96,264,50,0
TEXAS,TX,El Paso,246,5,59,21,161,697,121,468,108,7
TEXAS,TX,Fort Bend,988,17,147,107,717,"4,671",636,"3,626",409,0
TEXAS,TX,Galveston,145,8,36,11,90,620,121,394,105,10
TEXAS,TX,Goliad,13,0,1,3,9,175,122,46,7,2
TEXAS,TX,Grayson,110,1,25,2,82,412,114,234,64,3
TEXAS,TX,Gregg,99,1,21,6,71,358,86,218,54,0
TEXAS,TX,Hardin,44,0,21,3,20,244,71,114,59,1
TEXAS,TX,Harris,"9,487",136,"1,111","1,713","6,527","44,391","6,539","31,463","6,389",339
TEXAS,TX,Harrison,92,1,0,4,87,433,107,253,73,0
TEXAS,TX,Hays,196,1,45,11,139,814,180,535,99,0
TEXAS,TX,Hidalgo,539,10,116,81,332,"2,740",537,"1,834",369,10
TEXAS,TX,Hudspeth,12,0,3,0,9,4,1,2,1,0
TEXAS,TX,Hunt,410,1,24,18,367,608,134,343,131,0
TEXAS,TX,Irion,1,0,0,0,1,19,8,8,3,0
TEXAS,TX,Jefferson,105,0,18,9,78,313,60,192,61,3
TEXAS,TX,Johnson,200,2,45,7,146,573,102,388,83,8
TEXAS,TX,Jones,10,0,2,0,8,44,14,24,6,0
TEXAS,TX,Kaufman,158,9,38,7,104,607,154,355,98,1
TEXAS,TX,Kendall,23,1,7,1,14,141,20,103,18,0
TEXAS,TX,Lampasas,18,0,1,0,17,81,16,53,12,1
TEXAS,TX,Lubbock,127,1,28,14,84,528,134,268,126,6
TEXAS,TX,Lynn,6,0,1,0,5,11,6,3,2,0
TEXAS,TX,Martin,14,0,0,2,12,79,6,73,0,0
TEXAS,TX,McLennan,92,3,45,1,43,487,118,303,66,7
TEXAS,TX,Medina,44,1,7,1,35,194,38,125,31,1
TEXAS,TX,Midland,159,6,26,5,122,645,73,410,162,1
TEXAS,TX,Montgomery,918,11,99,76,732,"4,863",786,"3,442",635,12
TEXAS,TX,Nueces,29,0,8,1,20,56,23,33,0,1
TEXAS,TX,Oldham,1,0,0,1,0,4,2,2,0,0
TEXAS,TX,Orange,67,2,19,5,41,424,136,225,63,1
TEXAS,TX,Parker,150,5,39,7,99,"1,033",287,630,116,0
TEXAS,TX,Potter,60,0,7,2,51,171,32,108,31,0
TEXAS,TX,Randall,55,1,13,4,37,225,63,117,45,3
TEXAS,TX,Robertson,15,0,4,0,11,97,23,59,15,1
TEXAS,TX,Rockwall,25,0,4,0,21,99,20,66,13,0
TEXAS,TX,Rusk,82,3,13,1,65,439,127,252,60,5
TEXAS,TX,Smith,310,5,30,16,259,"1,132",261,681,190,1
TEXAS,TX,Sterling,0,0,0,0,0,8,5,1,2,0
TEXAS,TX,Tarrant,129,4,42,13,70,788,153,488,147,3
TEXAS,TX,Taylor,27,0,11,1,15,168,109,51,8,0
TEXAS,TX,Tom Green,52,1,14,3,34,162,36,93,33,3
TEXAS,TX,Travis,782,11,109,60,602,"3,406",664,"2,279",463,13
TEXAS,TX,Upshur,66,5,24,1,36,280,131,118,31,3
TEXAS,TX,Victoria,113,5,23,3,82,227,68,134,25,1
TEXAS,TX,Waller,55,1,11,2,41,201,64,119,18,0
TEXAS,TX,Webb,54,0,8,4,42,176,40,92,44,1
TEXAS,TX,Wichita,16,2,3,0,11,80,22,53,5,0
TEXAS,TX,Williamson,177,0,54,15,108,"1,556",278,"1,149",129,2
TEXAS,TX,Wilson,40,0,17,0,23,252,57,162,33,3
TEXAS,TX,Wise,79,5,25,5,44,44,9,34,1,1
TEXAS,TX,Bailey,3,0,0,0,3,12,4,8,0,0
TEXAS,TX,Baylor,0,0,0,0,0,5,0,2,3,0
TEXAS,TX,Bee,30,0,4,0,26,127,42,71,14,4
TEXAS,TX,Blanco,18,1,4,2,11,85,27,55,3,2
TEXAS,TX,Borden,1,0,0,0,1,13,4,7,2,0
TEXAS,TX,Bosque,11,0,2,0,9,68,26,36,6,1
TEXAS,TX,Brewster,5,0,1,0,4,32,14,8,10,0
TEXAS,TX,Briscoe,0,0,0,0,0,9,2,7,0,0
TEXAS,TX,Brooks,1,0,0,0,1,3,3,0,0,0
TEXAS,TX,Brown,44,0,4,5,35,206,80,113,13,7
TEXAS,TX,Burnet,53,2,14,1,36,213,60,117,36,2
TEXAS,TX,Calhoun,24,0,5,1,18,77,23,47,7,0
TEXAS,TX,Camp,15,1,5,2,7,83,28,51,4,0
TEXAS,TX,Cass,27,1,9,1,16,152,57,70,25,0
TEXAS,TX,Castro,3,0,1,0,2,19,4,7,8,0
TEXAS,TX,Cherokee,79,4,11,3,61,354,88,229,37,0
TEXAS,TX,Childress,2,0,0,0,2,2,1,1,0,0
TEXAS,TX,Cochran,9,0,1,0,8,21,11,9,1,0
TEXAS,TX,Collingsworth,2,0,0,0,2,8,2,4,2,0
TEXAS,TX,Colorado,13,0,3,1,9,136,31,77,28,0
TEXAS,TX,Comanche,14,0,5,2,7,63,10,48,5,0
TEXAS,TX,Cooke,56,0,20,2,34,132,53,66,13,1
TEXAS,TX,Crane,1,0,0,0,1,6,0,3,3,0
TEXAS,TX,Crockett,3,0,1,0,2,33,25,7,1,0
TEXAS,TX,Dallam,0,0,0,0,0,5,2,0,3,0
TEXAS,TX,Dawson,3,0,2,0,1,53,20,25,8,0
TEXAS,TX,Deaf Smith,12,0,0,0,12,27,6,19,2,1
TEXAS,TX,Delta,3,0,1,0,2,19,11,7,1,1
TEXAS,TX,DeWitt,32,0,6,1,25,53,9,29,15,3
TEXAS,TX,Donley,4,0,0,0,4,31,15,10,6,0
TEXAS,TX,Duval,13,0,2,0,11,96,21,41,34,1
TEXAS,TX,Eastland,7,0,0,0,7,35,7,20,8,1
TEXAS,TX,Edwards,0,0,0,0,0,15,7,3,5,0
TEXAS,TX,Erath,7,1,1,0,5,68,26,42,0,0
TEXAS,TX,Fannin,51,1,13,2,35,129,25,89,15,1
TEXAS,TX,Fayette,17,1,8,0,8,92,22,54,16,0
TEXAS,TX,Floyd,7,0,1,0,6,27,4,18,5,0
TEXAS,TX,Freestone,25,1,2,0,22,76,21,50,5,3
TEXAS,TX,Gaines,11,0,2,1,8,74,22,43,9,0
TEXAS,TX,Garza,5,0,3,0,2,24,9,15,0,0
TEXAS,TX,Gillespie,14,1,7,0,6,27,10,14,3,0
TEXAS,TX,Gonzales,61,0,6,1,54,77,20,40,17,2
TEXAS,TX,Gray,7,1,0,1,5,46,19,24,3,1
TEXAS,TX,Grimes,26,0,7,4,15,98,43,43,12,1
TEXAS,TX,Hall,1,0,0,0,1,14,5,5,4,0
TEXAS,TX,Hamilton,3,0,0,0,3,13,7,2,4,1
TEXAS,TX,Hansford,1,0,0,0,1,5,2,3,0,0
TEXAS,TX,Hardeman,4,1,0,1,2,21,2,19,0,0
TEXAS,TX,Hartley,1,0,0,0,1,12,5,3,4,0
TEXAS,TX,Haskell,6,0,2,0,4,10,1,5,4,0
TEXAS,TX,Hemphill,0,0,0,0,0,15,1,13,1,0
TEXAS,TX,Hill,77,1,25,2,49,235,43,166,26,2
TEXAS,TX,Hockley,16,0,2,1,13,71,24,40,7,0
TEXAS,TX,Hood,53,0,8,4,41,279,66,179,34,4
TEXAS,TX,Hopkins,34,2,2,1,29,36,10,11,15,0
TEXAS,TX,Houston,9,0,3,0,6,77,34,36,7,0
TEXAS,TX,Howard,36,0,1,2,33,265,67,160,38,4
TEXAS,TX,Hutchinson,8,0,1,0,7,47,18,15,14,0
TEXAS,TX,Jack,1,0,0,0,1,22,14,4,4,0
TEXAS,TX,Jackson,12,0,2,1,9,52,14,30,8,0
TEXAS,TX,Jasper,56,1,11,6,38,388,165,195,28,2
TEXAS,TX,Jeff Davis,3,0,0,0,3,2,0,1,1,0
TEXAS,TX,Jim Hogg,9,0,0,0,9,40,17,15,8,0
TEXAS,TX,Jim Wells,65,1,11,0,53,207,83,98,26,6
TEXAS,TX,Karnes,9,0,4,0,5,64,18,42,4,1
TEXAS,TX,Kerr,50,1,17,0,32,183,61,103,19,1
TEXAS,TX,King,0,0,0,0,0,0,0,0,0,0
TEXAS,TX,Kleberg,14,0,2,0,12,23,5,17,1,0
TEXAS,TX,Lamar,33,2,2,0,29,167,39,103,25,0
TEXAS,TX,Lamb,7,0,3,1,3,53,28,21,4,1
TEXAS,TX,La Salle,16,0,0,1,15,44,17,22,5,0
TEXAS,TX,Lavaca,9,1,2,0,6,59,15,32,12,2
TEXAS,TX,Lee,20,1,6,2,11,103,32,58,13,2
TEXAS,TX,Leon,14,0,1,0,13,105,36,58,11,1
TEXAS,TX,Limestone,36,0,12,0,24,104,44,48,12,1
TEXAS,TX,Lipscomb,1,0,0,0,1,25,6,17,2,0
TEXAS,TX,Llano,23,0,5,1,17,193,55,115,23,1
TEXAS,TX,Loving,3,0,1,0,2,17,1,16,0,0
TEXAS,TX,Madison,8,0,1,1,6,48,15,24,9,0
TEXAS,TX,Marion,35,1,1,0,33,99,40,49,10,0
TEXAS,TX,Mason,4,0,0,0,4,11,3,7,1,0
TEXAS,TX,Matagorda,97,1,13,2,81,292,63,186,43,4
TEXAS,TX,McCulloch,2,0,0,0,2,42,22,9,11,0
TEXAS,TX,Milam,21,1,1,1,18,42,10,28,4,0
TEXAS,TX,Mills,11,0,4,0,7,41,33,8,0,0
TEXAS,TX,Montague,22,0,6,1,15,97,24,69,4,2
TEXAS,TX,Moore,8,1,1,0,6,32,14,12,6,1
TEXAS,TX,Nacogdoches,34,1,2,0,31,186,41,121,24,1
TEXAS,TX,Navarro,69,1,19,3,46,224,75,131,18,4
TEXAS,TX,Newton,8,0,2,0,6,53,15,31,7,0
TEXAS,TX,Nolan,7,0,0,0,7,42,13,29,0,0
TEXAS,TX,Palo Pinto,21,0,4,0,17,97,27,54,16,0
TEXAS,TX,Panola,35,1,2,0,32,207,60,120,27,0
TEXAS,TX,Parmer,2,0,0,0,2,39,10,21,8,0
TEXAS,TX,Polk,82,5,15,4,58,477,126,278,73,3
TEXAS,TX,Presidio,0,0,0,0,0,0,0,0,0,0
TEXAS,TX,Reagan,3,0,2,1,0,28,4,20,4,0
TEXAS,TX,Real,5,0,1,0,4,119,93,21,5,0
TEXAS,TX,Red River,18,0,5,0,13,49,22,20,7,0
TEXAS,TX,Refugio,3,1,0,0,2,44,13,12,19,0
TEXAS,TX,Runnels,2,0,0,0,2,12,9,2,1,0
TEXAS,TX,Sabine,20,0,7,0,13,69,15,47,7,2
TEXAS,TX,San Augustine,14,0,2,0,12,54,21,22,11,1
TEXAS,TX,Schleicher,2,0,0,0,2,11,4,7,0,0
TEXAS,TX,Scurry,6,0,1,0,5,90,37,51,2,1
TEXAS,TX,Shelby,20,1,1,0,18,157,43,91,23,3
TEXAS,TX,Somervell,4,0,0,0,4,66,26,40,0,0
TEXAS,TX,Starr,34,0,6,1,27,138,73,50,15,4
TEXAS,TX,Stephens,4,0,1,0,3,35,8,17,10,0
TEXAS,TX,Sutton,3,0,1,0,2,6,5,0,1,0
TEXAS,TX,Swisher,5,0,0,0,5,22,10,11,1,0
TEXAS,TX,Terrell,0,0,0,0,0,0,0,0,0,0
TEXAS,TX,Terry,7,0,0,4,3,42,16,26,0,0
TEXAS,TX,Throckmorton,8,0,2,0,6,2,0,2,0,0
TEXAS,TX,Titus,37,0,7,3,27,149,34,100,15,0
TEXAS,TX,Trinity,14,0,1,1,12,108,47,44,17,0
TEXAS,TX,Tyler,24,3,2,2,17,185,69,78,38,2
TEXAS,TX,Upton,1,0,0,0,1,13,3,7,3,0
TEXAS,TX,Uvalde,19,1,2,0,16,63,26,23,14,0
TEXAS,TX,Val Verde,52,0,11,2,39,125,63,48,14,1
TEXAS,TX,Walker,52,0,15,1,36,211,70,92,49,3
TEXAS,TX,Ward,16,0,3,3,10,151,46,71,34,3
TEXAS,TX,Washington,49,0,4,0,45,95,21,65,9,2
TEXAS,TX,Wharton,80,3,8,4,65,255,71,152,32,3
TEXAS,TX,Wheeler,7,0,2,0,5,13,6,6,1,0
TEXAS,TX,Wilbarger,6,0,0,0,6,14,2,9,3,0
TEXAS,TX,Willacy,12,0,0,0,12,24,7,14,3,0
TEXAS,TX,Winkler,6,0,1,0,5,44,13,26,5,0
TEXAS,TX,Wood,37,1,8,4,24,175,64,91,20,3
TEXAS,TX,Yoakum,10,0,1,2,7,46,7,34,5,1
TEXAS,TX,Young,16,0,4,0,12,21,8,11,2,0
TEXAS,TX,Zapata,10,0,0,0,10,59,21,37,1,0
TEXAS,TX,Zavala,34,0,12,0,22,44,14,20,10,0
UTAH,UT,Box Elder,12,0,2,1,9,117,22,82,13,0
UTAH,UT,Cache,44,1,14,0,29,257,39,201,17,3
UTAH,UT,Davis,29,0,10,1,18,129,16,103,10,0
UTAH,UT,Salt Lake County Unified Police Department,600,17,141,95,347,"6,901",665,"5,241",995,5
UTAH,UT,Tooele,48,1,20,3,24,198,35,138,25,0
UTAH,UT,Utah,85,0,35,1,49,287,35,224,28,1
UTAH,UT,Washington,17,0,6,0,11,94,8,69,17,0
UTAH,UT,Weber,125,0,40,4,81,794,126,575,93,3
UTAH,UT,Beaver,12,2,3,1,6,63,24,29,10,0
UTAH,UT,Carbon,31,0,4,2,25,54,18,30,6,1
UTAH,UT,Duchesne,42,3,14,0,25,196,39,127,30,3
UTAH,UT,Garfield,3,0,1,0,2,41,8,28,5,0
UTAH,UT,Iron,23,0,7,2,14,83,28,47,8,1
UTAH,UT,Kane,28,0,2,0,26,21,3,16,2,0
UTAH,UT,Millard,34,0,12,0,22,153,26,112,15,0
UTAH,UT,Sanpete,37,0,19,1,17,96,11,78,7,1
UTAH,UT,Sevier,9,0,3,0,6,41,14,25,2,1
UTAH,UT,Summit,50,1,41,1,7,314,29,249,36,1
UTAH,UT,Uintah,46,0,8,0,38,174,31,119,24,1
UTAH,UT,Wasatch,19,1,4,0,14,113,19,85,9,0
VERMONT,VT,Franklin,28,0,11,0,17,53,3,49,1,0
VERMONT,VT,Grand Isle,0,0,0,0,0,39,11,28,0,0
VERMONT,VT,Bennington,0,0,0,0,0,7,1,5,1,0
VERMONT,VT,Essex,4,0,1,1,2,17,4,10,3,0
VERMONT,VT,Lamoille,6,0,1,0,5,46,4,42,0,1
VERMONT,VT,Orange,3,0,3,0,0,7,1,5,1,0
VERMONT,VT,Orleans,7,0,2,0,5,60,4,56,0,0
VERMONT,VT,Rutland,5,0,0,0,5,21,0,21,0,0
VERMONT,VT,Windham,1,0,0,0,1,36,2,32,2,0
VERMONT,VT,Windsor,0,0,0,0,0,1,0,0,1,0
VIRGINIA,VA,Albemarle County Police Department,106,0,22,8,76,"1,701",103,"1,496",102,6
VIRGINIA,VA,Amelia,24,1,6,0,17,153,29,108,16,2
VIRGINIA,VA,Amherst,66,1,10,5,50,358,26,303,29,3
VIRGINIA,VA,Appomattox,26,1,3,0,22,90,9,81,0,1
VIRGINIA,VA,Arlington County Police Department,469,0,60,154,255,"3,267",210,"2,757",300,11
VIRGINIA,VA,Augusta,90,2,24,3,61,692,126,482,84,2
VIRGINIA,VA,Bedford,81,1,15,6,59,475,98,334,43,3
VIRGINIA,VA,Botetourt,25,0,10,3,12,245,25,196,24,3
VIRGINIA,VA,Campbell,102,1,24,5,72,529,59,425,45,5
VIRGINIA,VA,Charles City,12,0,0,0,12,24,3,19,2,0
VIRGINIA,VA,Chesterfield County Police Department,536,12,96,125,303,"4,840",512,"3,981",347,24
VIRGINIA,VA,Clarke,4,0,2,1,1,41,2,35,4,0
VIRGINIA,VA,Craig,6,0,4,1,1,29,5,21,3,0
VIRGINIA,VA,Culpeper,20,0,0,1,19,115,6,90,19,1
VIRGINIA,VA,Dinwiddie,83,3,6,4,70,266,33,218,15,4
VIRGINIA,VA,Fairfax County Police Department,948,26,172,318,432,"13,059",561,"11,302","1,196",16
VIRGINIA,VA,Fauquier,51,3,21,2,25,196,17,167,12,0
VIRGINIA,VA,Fluvanna,41,0,11,1,29,127,13,102,12,1
VIRGINIA,VA,Franklin,61,6,19,1,35,445,55,316,74,0
VIRGINIA,VA,Frederick,61,2,16,6,37,846,65,695,86,5
VIRGINIA,VA,Giles,15,0,2,0,13,74,18,50,6,0
VIRGINIA,VA,Gloucester,25,0,11,8,6,335,18,289,28,6
VIRGINIA,VA,Goochland,23,0,6,0,17,235,14,201,20,1
VIRGINIA,VA,Greene,26,0,4,2,20,172,12,147,13,0
VIRGINIA,VA,Hanover,180,1,19,11,149,873,33,794,46,5
VIRGINIA,VA,Henrico County Police Department,651,23,40,132,456,"6,917",373,"6,084",460,37
VIRGINIA,VA,Isle of Wight,29,1,3,3,22,235,15,202,18,2
VIRGINIA,VA,James City County Police Department,101,3,14,12,72,727,37,658,32,4
VIRGINIA,VA,King and Queen,5,0,0,0,5,25,6,19,0,0
VIRGINIA,VA,King William,24,0,5,0,19,85,6,76,3,0
VIRGINIA,VA,Loudoun,271,3,127,26,115,"1,937",132,"1,667",138,25
VIRGINIA,VA,Madison,23,1,11,0,11,74,9,52,13,1
VIRGINIA,VA,Mathews,3,0,2,0,1,51,7,42,2,1
VIRGINIA,VA,Montgomery,85,1,19,3,62,245,48,162,35,8
VIRGINIA,VA,Nelson,36,0,8,2,26,212,48,147,17,3
VIRGINIA,VA,New Kent,46,1,2,1,42,145,13,127,5,0
VIRGINIA,VA,Powhatan,51,0,10,0,41,157,15,140,2,0
VIRGINIA,VA,Prince George County Police Department,129,3,16,10,100,376,50,284,42,5
VIRGINIA,VA,Prince William County Police Department,"1,024",10,104,185,725,"5,174",420,"4,257",497,31
VIRGINIA,VA,Pulaski,34,3,11,2,18,469,85,358,26,5
VIRGINIA,VA,Rappahannock,11,0,1,0,10,26,2,21,3,0
VIRGINIA,VA,Roanoke County Police Department,210,0,27,17,166,"1,052",134,831,87,1
VIRGINIA,VA,Rockingham,78,4,17,2,55,305,80,217,8,8
VIRGINIA,VA,Scott,36,0,8,1,27,245,52,165,28,5
VIRGINIA,VA,Southampton,9,0,9,0,0,136,18,100,18,1
VIRGINIA,VA,Spotsylvania,134,3,18,13,100,696,44,588,64,0
VIRGINIA,VA,Stafford,318,4,85,24,205,"1,249",92,"1,070",87,11
VIRGINIA,VA,Sussex,15,0,2,3,10,87,18,60,9,1
VIRGINIA,VA,Warren,21,0,11,0,10,191,12,160,19,2
VIRGINIA,VA,Washington,46,0,18,2,26,577,92,435,50,4
VIRGINIA,VA,York,112,1,17,9,85,779,41,707,31,4
VIRGINIA,VA,Accomack,95,9,12,7,67,257,52,192,13,1
VIRGINIA,VA,Alleghany,35,1,7,0,27,82,21,57,4,0
VIRGINIA,VA,Bath,0,0,0,0,0,22,2,17,3,0
VIRGINIA,VA,Brunswick,6,0,3,0,3,104,19,77,8,2
VIRGINIA,VA,Buchanan,39,2,16,0,21,218,21,167,30,2
VIRGINIA,VA,Buckingham,20,1,6,3,10,188,33,123,32,0
VIRGINIA,VA,Caroline,56,2,13,3,38,159,30,126,3,2
VIRGINIA,VA,Carroll,23,1,13,0,9,209,42,129,38,1
VIRGINIA,VA,Charlotte,13,0,2,3,8,121,18,89,14,0
VIRGINIA,VA,Cumberland,14,0,4,1,9,42,7,30,5,1
VIRGINIA,VA,Dickenson,18,3,2,0,13,64,26,31,7,2
VIRGINIA,VA,Essex,7,0,2,0,5,34,8,23,3,0
VIRGINIA,VA,Floyd,11,0,6,1,4,64,10,50,4,0
VIRGINIA,VA,Grayson,21,0,5,0,16,132,16,94,22,2
VIRGINIA,VA,Greensville,23,4,3,3,13,98,13,73,12,2
VIRGINIA,VA,Halifax,29,3,7,2,17,171,37,114,20,2
VIRGINIA,VA,Henry,128,3,32,12,81,688,178,457,53,4
VIRGINIA,VA,Highland,1,0,0,0,1,31,3,27,1,1
VIRGINIA,VA,King George,46,1,5,3,37,228,32,179,17,3
VIRGINIA,VA,Lancaster,27,0,3,3,21,58,13,45,0,2
VIRGINIA,VA,Lee,29,0,10,1,18,252,50,195,7,2
VIRGINIA,VA,Louisa,32,0,11,1,20,259,11,216,32,3
VIRGINIA,VA,Lunenburg,25,0,3,1,21,37,10,21,6,2
VIRGINIA,VA,Mecklenburg,47,0,4,2,41,185,36,117,32,0
VIRGINIA,VA,Middlesex,14,0,7,1,6,96,16,71,9,0
VIRGINIA,VA,Northampton,27,1,1,0,25,52,8,40,4,0
VIRGINIA,VA,Northumberland,11,0,2,0,9,44,8,32,4,0
VIRGINIA,VA,Nottoway,20,0,1,1,18,82,23,50,9,1
VIRGINIA,VA,Orange,44,2,14,1,27,146,9,125,12,1
VIRGINIA,VA,Page,7,0,5,0,2,161,12,136,13,2
VIRGINIA,VA,Patrick,44,0,10,1,33,218,46,154,18,4
VIRGINIA,VA,Pittsylvania,45,3,11,3,28,309,72,218,19,6
VIRGINIA,VA,Prince Edward,18,1,3,0,14,72,10,55,7,1
VIRGINIA,VA,Rockbridge,37,1,5,1,30,215,29,164,22,1
VIRGINIA,VA,Russell,43,3,19,0,21,168,39,109,20,6
VIRGINIA,VA,Shenandoah,32,0,11,2,19,206,22,182,2,0
VIRGINIA,VA,Smyth,19,1,6,1,11,141,22,108,11,1
VIRGINIA,VA,Surry,5,0,1,0,4,21,5,15,1,0
VIRGINIA,VA,Tazewell,46,1,21,2,22,237,49,162,26,3
VIRGINIA,VA,Westmoreland,19,0,6,1,12,74,10,54,10,1
VIRGINIA,VA,Wise,38,0,10,1,27,371,48,283,40,6
VIRGINIA,VA,Wythe,21,0,16,1,4,132,12,102,18,1
WASHINGTON,WA,Asotin,15,0,4,1,10,138,33,85,20,0
WASHINGTON,WA,Benton,76,2,9,3,62,488,94,328,66,6
WASHINGTON,WA,Chelan,30,1,1,0,28,305,118,145,42,0
WASHINGTON,WA,Clark,338,4,93,41,200,"3,218",422,"2,024",772,14
WASHINGTON,WA,Cowlitz,64,2,22,9,31,419,126,214,79,9
WASHINGTON,WA,Douglas,13,0,10,0,3,259,69,151,39,2
WASHINGTON,WA,Franklin,14,1,3,0,10,136,44,72,20,3
WASHINGTON,WA,King,603,21,65,108,409,"3,914",710,"2,466",738,97
WASHINGTON,WA,Kitsap,459,4,84,38,333,"2,879",603,"1,888",388,18
WASHINGTON,WA,Pierce,"1,301",18,114,175,994,"8,341","1,866","4,731","1,744",71
WASHINGTON,WA,Skagit,82,2,2,20,58,968,228,628,112,10
WASHINGTON,WA,Skamania,10,1,2,0,7,100,14,71,15,0
WASHINGTON,WA,Snohomish,482,2,51,63,366,"4,125",838,"2,634",653,20
WASHINGTON,WA,Spokane,193,2,29,21,141,"3,072",544,"2,209",319,15
WASHINGTON,WA,Stevens,38,6,7,2,23,326,94,194,38,1
WASHINGTON,WA,Thurston,253,3,22,21,207,"1,462",332,909,221,6
WASHINGTON,WA,Walla Walla,44,0,3,4,37,234,79,130,25,1
WASHINGTON,WA,Whatcom,130,4,24,2,100,936,239,590,107,3
WASHINGTON,WA,Yakima,114,1,14,12,87,"1,182",358,586,238,4
WASHINGTON,WA,Adams,26,2,3,4,17,258,71,148,39,1
WASHINGTON,WA,Clallam,61,0,9,7,45,470,115,314,41,4
WASHINGTON,WA,Columbia,3,0,0,1,2,49,18,25,6,0
WASHINGTON,WA,Garfield,21,0,1,0,20,21,7,12,2,0
WASHINGTON,WA,Grant,91,4,22,8,57,850,189,496,165,7
WASHINGTON,WA,Grays Harbor,39,1,13,6,19,264,94,142,28,5
WASHINGTON,WA,Island,49,1,15,1,32,491,135,320,36,3
WASHINGTON,WA,Jefferson,36,1,6,3,26,162,53,86,23,2
WASHINGTON,WA,Kittitas,11,0,3,2,6,222,47,145,30,0
WASHINGTON,WA,Lewis,83,0,24,1,58,655,220,367,68,3
WASHINGTON,WA,Lincoln,5,0,4,0,1,169,85,64,20,5
WASHINGTON,WA,Mason,86,1,15,14,56,786,239,453,94,2
WASHINGTON,WA,Okanogan,34,0,5,4,25,356,108,209,39,0
WASHINGTON,WA,Pend Oreille,9,0,4,0,5,181,42,109,30,2
WASHINGTON,WA,San Juan,9,0,0,0,9,97,22,72,3,0
WASHINGTON,WA,Whitman,11,1,4,0,6,53,11,36,6,1
WEST VIRGINIA,WV,Berkeley,95,8,21,1,65,174,11,154,9,2
WEST VIRGINIA,WV,Brooke,5,0,0,0,5,2,0,2,0,0
WEST VIRGINIA,WV,Cabell,50,0,6,4,40,439,58,341,40,2
WEST VIRGINIA,WV,Fayette,57,1,7,1,48,186,58,110,18,4
WEST VIRGINIA,WV,Jackson,34,1,4,0,29,26,4,12,10,0
WEST VIRGINIA,WV,Jefferson,22,1,9,0,12,199,26,154,19,2
WEST VIRGINIA,WV,Kanawha,383,7,52,11,313,"1,231",256,756,219,17
WEST VIRGINIA,WV,Marshall,18,1,3,0,14,83,25,51,7,1
WEST VIRGINIA,WV,Mineral,15,0,2,1,12,33,7,26,0,0
WEST VIRGINIA,WV,Monongalia,47,0,9,0,38,428,26,381,21,1
WEST VIRGINIA,WV,Preston,5,3,0,0,2,55,0,41,14,0
WEST VIRGINIA,WV,Raleigh,114,4,26,8,76,756,228,473,55,1
WEST VIRGINIA,WV,Wood,39,0,8,4,27,287,22,235,30,1
WEST VIRGINIA,WV,Barbour,26,0,0,0,26,8,2,5,1,1
WEST VIRGINIA,WV,Doddridge,15,0,2,0,13,42,11,21,10,2
WEST VIRGINIA,WV,Hardy,8,0,1,0,7,27,4,20,3,0
WEST VIRGINIA,WV,Harrison,45,2,4,0,39,227,46,136,45,4
WEST VIRGINIA,WV,Lewis,14,1,0,0,13,33,7,16,10,0
WEST VIRGINIA,WV,Logan,118,2,1,0,115,0,0,0,0,5
WEST VIRGINIA,WV,Mason,10,1,0,1,8,66,13,51,2,2
WEST VIRGINIA,WV,Mingo,4,1,0,0,3,13,9,0,4,0
WEST VIRGINIA,WV,Monroe,2,0,1,0,1,22,7,13,2,1
WEST VIRGINIA,WV,Nicholas,155,2,3,0,150,4,0,4,0,1
WEST VIRGINIA,WV,Randolph,61,0,1,0,60,88,21,65,2,2
WEST VIRGINIA,WV,Ritchie,6,0,2,0,4,27,6,21,0,1
WEST VIRGINIA,WV,Roane,10,0,0,0,10,0,0,0,0,1
WEST VIRGINIA,WV,Summers,13,0,1,0,12,25,9,11,5,0
WEST VIRGINIA,WV,Upshur,4,0,1,0,3,7,0,7,0,5
WEST VIRGINIA,WV,Wetzel,12,0,1,0,11,32,20,9,3,2
WEST VIRGINIA,WV,Wyoming,101,0,5,0,96,60,20,29,11,2
WISCONSIN,WI,Brown,85,0,31,7,47,893,127,709,57,3
WISCONSIN,WI,Calumet,12,0,5,0,7,94,11,81,2,0
WISCONSIN,WI,Chippewa,40,0,19,1,20,258,51,188,19,1
WISCONSIN,WI,Columbia,30,0,13,3,14,146,27,110,9,0
WISCONSIN,WI,Dane,118,3,29,5,81,586,98,428,60,7
WISCONSIN,WI,Douglas,23,0,1,0,22,184,65,100,19,0
WISCONSIN,WI,Eau Claire,17,2,9,1,5,251,71,169,11,1
WISCONSIN,WI,Fond du Lac,23,0,9,0,14,138,25,98,15,2
WISCONSIN,WI,Green,4,0,2,0,2,77,14,56,7,0
WISCONSIN,WI,Iowa,17,0,0,0,17,39,7,27,5,0
WISCONSIN,WI,Kenosha,101,3,24,1,73,410,70,301,39,5
WISCONSIN,WI,Kewaunee,14,0,5,0,9,49,13,33,3,0
WISCONSIN,WI,La Crosse,23,3,2,1,17,145,48,79,18,0
WISCONSIN,WI,Lincoln,40,0,1,0,39,125,41,65,19,1
WISCONSIN,WI,Marathon,67,0,13,1,53,334,45,267,22,2
WISCONSIN,WI,Milwaukee,132,2,7,15,108,166,8,69,89,0
WISCONSIN,WI,Oconto,32,1,11,1,19,178,45,117,16,2
WISCONSIN,WI,Outagamie,38,0,10,1,27,224,62,152,10,0
WISCONSIN,WI,Pierce,13,0,1,0,12,122,35,62,25,1
WISCONSIN,WI,Racine,42,2,6,1,33,121,21,78,22,2
WISCONSIN,WI,Rock,53,1,9,3,40,197,47,137,13,2
WISCONSIN,WI,Sheboygan,29,0,13,1,15,353,75,265,13,0
WISCONSIN,WI,St. Croix,45,0,3,0,42,271,37,204,30,0
WISCONSIN,WI,Waukesha,73,1,32,2,38,244,27,200,17,2
WISCONSIN,WI,Winnebago,21,0,6,1,14,320,149,161,10,1
WISCONSIN,WI,Adams,26,0,5,0,21,138,47,85,6,0
WISCONSIN,WI,Barron,16,0,3,0,13,109,34,66,9,2
WISCONSIN,WI,Buffalo,9,1,5,0,3,8,0,8,0,1
WISCONSIN,WI,Burnett,21,1,6,0,14,190,48,111,31,1
WISCONSIN,WI,Clark,28,0,0,0,28,117,19,83,15,0
WISCONSIN,WI,Dodge,37,0,5,1,31,136,22,98,16,1
WISCONSIN,WI,Door,10,0,3,0,7,76,19,55,2,0
WISCONSIN,WI,Dunn,25,0,6,0,19,115,41,62,12,1
WISCONSIN,WI,Grant,22,2,5,0,15,101,15,78,8,0
WISCONSIN,WI,Iron,2,0,0,0,2,28,2,20,6,0
WISCONSIN,WI,Jefferson,41,0,14,1,26,113,28,64,21,0
WISCONSIN,WI,Juneau,47,2,24,0,21,177,32,123,22,0
WISCONSIN,WI,Lafayette,8,0,3,0,5,45,11,28,6,0
WISCONSIN,WI,Langlade,9,0,2,0,7,59,6,47,6,0
WISCONSIN,WI,Manitowoc,30,0,2,1,27,111,28,75,8,0
WISCONSIN,WI,Marinette,42,1,16,0,25,167,35,125,7,0
WISCONSIN,WI,Marquette,3,0,1,0,2,40,5,33,2,0
WISCONSIN,WI,Menominee,1,0,0,0,1,9,1,7,1,0
WISCONSIN,WI,Monroe,24,2,4,0,18,78,22,50,6,0
WISCONSIN,WI,Oneida,33,1,12,0,20,93,41,46,6,0
WISCONSIN,WI,Pepin,8,0,4,0,4,11,1,9,1,0
WISCONSIN,WI,Polk,48,3,6,1,38,102,24,69,9,2
WISCONSIN,WI,Portage,22,0,10,0,12,131,31,92,8,0
WISCONSIN,WI,Richland,14,0,4,0,10,25,2,21,2,0
WISCONSIN,WI,Rusk,37,1,4,0,32,64,29,30,5,1
WISCONSIN,WI,Sauk,34,0,9,1,24,230,34,180,16,1
WISCONSIN,WI,Sawyer,39,1,11,2,25,197,51,131,15,1
WISCONSIN,WI,Shawano,19,0,6,1,12,256,67,159,30,1
WISCONSIN,WI,Taylor,10,1,5,0,4,68,9,54,5,0
WISCONSIN,WI,Vilas,4,0,0,0,4,90,17,63,10,0
WISCONSIN,WI,Walworth,12,0,6,0,6,66,12,49,5,0
WISCONSIN,WI,Washburn,9,0,0,0,9,77,23,45,9,2
WISCONSIN,WI,Waupaca,36,1,11,0,24,48,6,41,1,0
WISCONSIN,WI,Waushara,20,0,5,1,14,90,16,65,9,2
WISCONSIN,WI,Wood,51,0,29,1,21,110,13,87,10,1
WYOMING,WY,Laramie,69,0,6,4,59,571,154,321,96,5
WYOMING,WY,Natrona,21,0,10,0,11,134,24,90,20,2
WYOMING,WY,Albany,8,0,2,0,6,75,27,43,5,0
WYOMING,WY,Campbell,19,0,10,0,9,149,25,110,14,0
WYOMING,WY,Converse,9,0,5,1,3,57,15,34,8,2
WYOMING,WY,Crook,6,0,1,0,5,28,3,19,6,0
WYOMING,WY,Goshen,5,0,0,0,5,42,14,24,4,0
WYOMING,WY,Hot Springs,2,0,0,0,2,10,1,8,1,2
WYOMING,WY,Johnson,4,0,2,0,2,36,11,20,5,0
WYOMING,WY,Lincoln,15,0,3,0,12,60,7,48,5,0
WYOMING,WY,Niobrara,4,0,2,0,2,10,0,6,4,0
WYOMING,WY,Park,16,1,5,0,10,80,14,58,8,1
WYOMING,WY,Sheridan,14,2,2,0,10,45,4,39,2,0
WYOMING,WY,Sublette,5,0,2,0,3,43,6,36,1,0
WYOMING,WY,Sweetwater,17,0,10,1,6,98,12,68,18,0
WYOMING,WY,Teton,9,1,1,1,6,21,1,18,2,1
WYOMING,WY,Uinta,14,0,10,0,4,42,12,24,6,0
WYOMING,WY,Washakie,4,0,3,0,1,7,1,6,0,0
WYOMING,WY,Weston,9,1,2,0,6,26,12,11,3,0